index,Customer_ID,Name,Gender,Age,Salary,Join_Date,City,Email,Score
1,CUST1645,Sara,male,64.0,74084.0,2020-07-07 00:00:00,Kolkata,user645@gmail.com,50.635
2,CUST1815,Priya,female,38.0,5000.0,2021-05-12 00:00:00,Delhi,user815@gmail.com,55.31
3,CUST1716,ali123,male,44.0,33725.0,2021-05-25 12:00:00,Chennai,user716@gmail.com,17.14
4,CUST1760,Sneha,male,10.0,5000.0,2022-01-13 00:00:00,Delhi,user760@gmail.com,50.635
5,CUST1671,Neha,male,29.0,33725.0,2021-05-25 12:00:00,Kolkata,user671@gmail.com,50.635
6,CUST1063,Rahul,female,44.0,33725.0,2021-05-25 12:00:00,Mumbai,user63@gmail.com,50.635
7,CUST1867,Rahul,male,44.0,33725.0,2021-05-25 12:00:00,Mumbai,user867@gmail.com,50.635
8,CUST1570,Priya,male,44.0,47232.0,2022-01-13 00:00:00,,user570@gmail.com,50.635
9,CUST1346,Aman,male,44.0,33725.0,2021-05-25 12:00:00,,none,50.635
11,CUST1902,Priya,44,44.0,39986.0,2021-05-25 12:00:00,Kolkata,none,50.635
12,CUST1608,Aman,44,60.0,5000.0,2022-01-13 00:00:00,Kolkata,none,50.635
13,CUST1124,Rahul,44,44.0,33725.0,2021-04-12 00:00:00,Kolkata,none,50.635
14,CUST1199,rahul123,female,32.0,5000.0,2022-01-13 00:00:00,Chennai,user199@gmail.com,30.76
15,CUST1708,Neha,female,31.0,33725.0,2021-05-25 12:00:00,Kolkata,user708@gmail.com,50.635
16,CUST1885,Priya,44,44.0,69539.0,2021-05-25 12:00:00,Delhi,user885@gmail.com,50.635
17,CUST1200,Ali,male,31.0,33725.0,2022-07-08 00:00:00,Kolkata,invalid_email.com,50.635
18,CUST1201,Priya,male,63.0,93982.0,2022-01-13 00:00:00,,user201@gmail.com,50.635
19,CUST1523,Priya,female,48.0,5000.0,2020-03-10 00:00:00,Hyd,user523@gmail.com,50.635
20,CUST1461,Priya,female,32.0,33725.0,2021-05-25 12:00:00,Delhi,invalid_email.com,50.635
21,CUST1606,Sneha,male,50.0,33725.0,2021-05-25 12:00:00,,user606@gmail.com,50.635
22,CUST1607,Neha,44,60.0,64740.0,2021-05-25 12:00:00,Kolkata,user607@gmail.com,21.0
23,CUST1171,Ali,44,37.0,5000.0,2021-05-12 00:00:00,,invalid_email.com,50.635
24,CUST1530,Neha,female,44.0,99530.0,2020-11-18 00:00:00,Delhi,invalid_email.com,50.635
25,CUST1634,Rahul,44,44.0,50528.0,2020-11-18 00:00:00,Mumbai,user634@gmail.com,50.635
26,CUST1891,Rahul,male,44.0,5000.0,2021-05-12 00:00:00,Hyd,user891@gmail.com,50.635
27,CUST1358,Neha,female,37.0,90725.0,2020-01-24 00:00:00,Hyd,user358@gmail.com,50.635
28,CUST1512,Neha,44,44.0,5000.0,2020-01-24 00:00:00,Kolkata,none,50.635
29,CUST1855,Neha,44,44.0,33725.0,2020-04-23 00:00:00,Chennai,user855@gmail.com,59.39
30,CUST1831,Aman,44,44.0,67541.0,2021-05-12 00:00:00,Kolkata,none,47.25
31,CUST1075,Priya,male,10.0,24862.0,2022-01-13 00:00:00,Mumbai,user75@gmail.com,50.635
33,CUST1750,Ali,male,67.0,56580.0,2021-04-27 00:00:00,Mumbai,user750@gmail.com,50.635
34,CUST1142,Sneha,female,10.0,33725.0,2021-04-27 00:00:00,,user142@gmail.com,50.635
35,CUST1454,Rahul,male,44.0,5000.0,2021-05-25 12:00:00,Kolkata,user454@gmail.com,50.635
36,CUST1350,Aman,male,30.0,57102.0,2022-01-13 00:00:00,Kolkata,user350@gmail.com,50.635
37,CUST1633,Sneha,male,44.0,67169.0,2021-05-12 00:00:00,Delhi,invalid_email.com,50.635
38,CUST1534,Rahul,male,25.0,98322.0,2021-05-12 00:00:00,Bangalore,user534@gmail.com,50.635
40,CUST1814,Sara,female,44.0,33725.0,2021-05-12 00:00:00,Bangalore,none,50.635
41,CUST1747,Sara,female,10.0,33725.0,2022-01-13 00:00:00,,invalid_email.com,50.635
42,CUST1558,Rahul,male,44.0,28478.0,2021-05-12 00:00:00,Bangalore,user558@gmail.com,50.635
43,CUST1215,Sneha,male,10.0,98921.0,2021-03-28 00:00:00,,user215@gmail.com,50.635
44,CUST1419,John,male,23.0,33725.0,2021-05-25 12:00:00,,invalid_email.com,50.635
46,CUST1548,Priya,male,10.0,47303.0,2021-05-25 12:00:00,Kolkata,user548@gmail.com,50.635
47,CUST1746,priya123,44,44.0,33725.0,2022-01-13 00:00:00,Bangalore,user746@gmail.com,50.635
48,CUST1925,Priya,44,49.0,98762.0,2022-01-13 00:00:00,Hyd,user925@gmail.com,8.12
49,CUST1046,Priya,44,10.0,5000.0,2022-01-13 00:00:00,,user46@gmail.com,50.635
50,CUST1773,sneha123,female,44.0,45904.0,2022-01-13 00:00:00,Kolkata,user773@gmail.com,50.635
51,CUST1553,John,female,44.0,44148.0,2021-05-25 12:00:00,Bangalore,invalid_email.com,50.635
52,CUST1403,Sara,44,44.0,33725.0,2020-05-04 00:00:00,,invalid_email.com,11.54
53,CUST1449,Sneha,male,44.0,59988.0,2022-06-20 00:00:00,Delhi,user449@gmail.com,50.635
54,CUST1169,John,male,44.0,33725.0,2020-12-21 00:00:00,Chennai,user169@gmail.com,50.635
55,CUST1610,Rahul,male,44.0,33725.0,2020-12-21 00:00:00,Bangalore,invalid_email.com,50.635
56,CUST1584,priya123,female,44.0,30611.0,2021-05-25 12:00:00,Delhi,user584@gmail.com,50.635
57,CUST1112,Priya,female,10.0,64773.0,2022-01-13 00:00:00,Delhi,user112@gmail.com,50.635
58,CUST1224,Sneha,female,44.0,33725.0,2022-01-13 00:00:00,Mumbai,user224@gmail.com,50.635
59,CUST1939,Rahul,44,10.0,33725.0,2022-01-13 00:00:00,Mumbai,user939@gmail.com,43.64
60,CUST1229,Aman,male,66.0,30706.0,2021-05-25 12:00:00,Delhi,user229@gmail.com,68.75
62,CUST1069,Rahul,male,66.0,33725.0,2022-01-13 00:00:00,Hyd,invalid_email.com,50.635
63,CUST1844,John,female,32.0,41717.0,2022-01-13 00:00:00,Kolkata,none,50.635
64,CUST1655,John,female,44.0,5000.0,2021-05-25 12:00:00,Kolkata,user655@gmail.com,50.635
65,CUST1872,John,male,10.0,33725.0,2021-05-12 00:00:00,,none,50.635
66,CUST1675,John,male,49.0,85112.0,2022-01-13 00:00:00,Mumbai,user675@gmail.com,50.635
67,CUST1242,Priya,male,44.0,34664.0,2022-06-02 00:00:00,Mumbai,invalid_email.com,50.635
68,CUST1076,Aman,female,44.0,33725.0,2021-05-12 00:00:00,Kolkata,user76@gmail.com,50.635
69,CUST1362,Aman,female,44.0,33725.0,2021-05-12 00:00:00,Hyd,user362@gmail.com,50.635
70,CUST1803,Priya,male,44.0,33725.0,2021-05-12 00:00:00,Mumbai,user803@gmail.com,81.68
71,CUST1006,Aman,male,54.0,5000.0,2021-05-12 00:00:00,Bangalore,user6@gmail.com,84.77
72,CUST1717,Sneha,female,44.0,33725.0,2022-01-13 00:00:00,Kolkata,user717@gmail.com,47.27
73,CUST1813,Neha,44,25.0,23674.0,2021-05-25 12:00:00,Mumbai,user813@gmail.com,3.42
75,CUST1345,Neha,male,44.0,5000.0,2021-01-02 00:00:00,,invalid_email.com,50.635
76,CUST1087,Rahul,female,68.0,35179.0,2021-05-25 12:00:00,Bangalore,user87@gmail.com,50.635
77,CUST1628,Priya,male,44.0,5000.0,2021-05-25 12:00:00,Kolkata,user628@gmail.com,50.635
79,CUST1484,Neha,44,44.0,33725.0,2022-01-13 00:00:00,Chennai,none,34.97
80,CUST1990,John,44,44.0,45543.0,2022-01-13 00:00:00,Chennai,invalid_email.com,89.48
82,CUST1125,Rahul,male,23.0,58430.0,2022-04-22 00:00:00,Hyd,user125@gmail.com,50.635
83,CUST1890,Sara,male,44.0,33725.0,2021-05-12 00:00:00,Mumbai,invalid_email.com,50.635
85,CUST1078,Rahul,male,43.0,71671.0,2021-05-25 12:00:00,Chennai,user78@gmail.com,60.96
86,CUST1636,Neha,male,10.0,33725.0,2020-05-06 00:00:00,Hyd,user636@gmail.com,50.635
87,CUST1987,Priya,female,44.0,33725.0,2020-05-06 00:00:00,Delhi,none,68.04
88,CUST1114,John,male,10.0,33725.0,2021-05-25 12:00:00,,user114@gmail.com,50.635
89,CUST1572,John,male,44.0,74428.0,2021-09-09 00:00:00,Kolkata,invalid_email.com,49.46
91,CUST1700,sara123,male,53.0,5000.0,2021-05-12 00:00:00,Hyd,user700@gmail.com,50.635
92,CUST1456,priya123,44,44.0,33725.0,2021-05-12 00:00:00,,none,50.635
93,CUST1074,Rahul,female,19.0,33725.0,2021-05-12 00:00:00,Kolkata,invalid_email.com,50.635
94,CUST1785,Sara,44,10.0,43867.0,2022-01-13 00:00:00,Chennai,invalid_email.com,50.635
95,CUST1748,John,44,44.0,5000.0,2021-05-25 12:00:00,Delhi,invalid_email.com,50.635
96,CUST1897,Aman,male,44.0,82944.0,2021-05-25 12:00:00,Bangalore,none,96.92
97,CUST1342,Aman,female,50.0,33725.0,2022-01-13 00:00:00,Chennai,none,55.87
98,CUST1524,Aman,male,44.0,33725.0,2022-01-13 00:00:00,Delhi,user524@gmail.com,50.635
99,CUST1280,John,male,44.0,33725.0,2021-05-12 00:00:00,Hyd,user280@gmail.com,35.08
100,CUST1980,John,male,40.0,63610.0,2022-06-06 00:00:00,,user980@gmail.com,88.02
101,CUST1843,Priya,female,44.0,5000.0,2020-09-12 00:00:00,Hyd,user843@gmail.com,50.635
102,CUST1541,Aman,male,36.0,60644.0,2020-12-12 00:00:00,Mumbai,user541@gmail.com,50.635
103,CUST1039,Priya,female,10.0,33725.0,2020-12-12 00:00:00,Chennai,user39@gmail.com,72.7
104,CUST1467,Priya,female,65.0,60870.0,2021-05-12 00:00:00,Mumbai,invalid_email.com,50.635
105,CUST1690,Ali,male,44.0,33725.0,2020-07-12 00:00:00,Mumbai,none,46.96
106,CUST1327,Ali,female,44.0,73415.0,2022-01-13 00:00:00,,user327@gmail.com,50.635
107,CUST1965,aman123,male,38.0,5000.0,2021-05-12 00:00:00,Delhi,invalid_email.com,50.635
108,CUST1372,Sneha,male,44.0,33725.0,2021-05-12 00:00:00,Kolkata,user372@gmail.com,7.47
109,CUST1540,Sneha,male,64.0,33725.0,2022-07-08 00:00:00,Kolkata,user540@gmail.com,50.635
110,CUST1096,Aman,female,44.0,33725.0,2022-07-08 00:00:00,Hyd,user96@gmail.com,50.635
111,CUST1160,Neha,female,30.0,61274.0,2022-08-02 00:00:00,,none,50.635
112,CUST1594,John,male,25.0,63374.0,2022-01-13 00:00:00,Kolkata,user594@gmail.com,50.635
113,CUST1326,Priya,male,53.0,33725.0,2021-07-07 00:00:00,Chennai,none,46.06
114,CUST1503,John,female,10.0,33725.0,2022-01-13 00:00:00,Delhi,user503@gmail.com,50.635
115,CUST1568,Sneha,44,44.0,33725.0,2022-01-13 00:00:00,Kolkata,invalid_email.com,50.635
116,CUST1551,neha123,female,30.0,5000.0,2021-05-12 00:00:00,Hyd,invalid_email.com,50.635
117,CUST1789,Sneha,female,44.0,33725.0,2021-05-12 00:00:00,Bangalore,user789@gmail.com,50.635
118,CUST1906,Sneha,female,66.0,33725.0,2022-04-23 00:00:00,Mumbai,user906@gmail.com,50.635
119,CUST1013,John,female,10.0,44961.0,2022-04-23 00:00:00,,user13@gmail.com,7.48
120,CUST1012,Priya,female,44.0,33725.0,2021-11-10 00:00:00,Delhi,user12@gmail.com,50.635
121,CUST1856,Rahul,44,19.0,32788.0,2021-05-25 12:00:00,Kolkata,user856@gmail.com,50.635
122,CUST1444,Sara,female,10.0,68235.0,2021-05-25 12:00:00,Hyd,none,50.635
123,CUST1985,Sneha,44,10.0,5000.0,2021-05-12 00:00:00,Delhi,invalid_email.com,50.635
124,CUST1162,Aman,female,10.0,33725.0,2021-05-12 00:00:00,,user162@gmail.com,1.39
126,CUST1383,Sneha,female,47.0,33725.0,2021-05-25 12:00:00,Mumbai,invalid_email.com,50.635
127,CUST1517,Priya,44,10.0,98630.0,2021-05-25 12:00:00,Mumbai,user517@gmail.com,50.635
128,CUST1609,Aman,44,44.0,33725.0,2022-01-13 00:00:00,Kolkata,none,50.635
129,CUST1103,Neha,male,10.0,67932.0,2022-01-13 00:00:00,Kolkata,invalid_email.com,64.97
130,CUST1195,Neha,male,48.0,31456.0,2021-12-25 00:00:00,Chennai,none,50.635
131,CUST1804,Priya,male,10.0,36627.0,2021-05-25 12:00:00,Kolkata,user804@gmail.com,50.635
132,CUST1110,priya123,male,44.0,33725.0,2021-07-25 00:00:00,Hyd,user110@gmail.com,50.635
133,CUST1759,Sneha,male,44.0,34162.0,2022-01-13 00:00:00,Kolkata,user759@gmail.com,50.635
134,CUST1120,Aman,male,38.0,96642.0,2021-05-12 00:00:00,Mumbai,user120@gmail.com,50.635
135,CUST1225,Sara,female,43.0,33725.0,2022-01-13 00:00:00,Delhi,user225@gmail.com,50.635
136,CUST1408,Sara,male,10.0,5000.0,2021-05-25 12:00:00,Kolkata,user408@gmail.com,50.635
137,CUST1991,Ali,female,27.0,33725.0,2022-01-13 00:00:00,Kolkata,none,50.635
138,CUST1574,Ali,male,44.0,5000.0,2022-01-13 00:00:00,Hyd,user574@gmail.com,50.635
139,CUST1459,John,male,40.0,54170.0,2021-07-21 00:00:00,Chennai,user459@gmail.com,83.77
140,CUST1147,Priya,female,10.0,5000.0,2021-05-12 00:00:00,Hyd,none,50.635
141,CUST1010,Sneha,male,57.0,33725.0,2022-01-13 00:00:00,Kolkata,user10@gmail.com,50.635
142,CUST1910,Sneha,male,44.0,33725.0,2020-03-09 00:00:00,Chennai,none,50.635
143,CUST1145,John,female,57.0,70260.0,2020-03-09 00:00:00,,user145@gmail.com,50.635
144,CUST1287,John,44,44.0,33725.0,2022-06-21 00:00:00,Mumbai,user287@gmail.com,50.635
145,CUST1948,Rahul,male,24.0,5000.0,2021-05-12 00:00:00,Chennai,user948@gmail.com,50.635
146,CUST1155,Sneha,male,44.0,33725.0,2021-05-12 00:00:00,Bangalore,user155@gmail.com,50.635
147,CUST1923,Ali,female,44.0,81373.0,2022-01-13 00:00:00,,none,54.97
148,CUST1285,Neha,44,10.0,51321.0,2021-05-12 00:00:00,Delhi,user285@gmail.com,50.635
150,CUST1777,John,44,27.0,5000.0,2022-01-13 00:00:00,Kolkata,user777@gmail.com,50.635
151,CUST1602,aman123,female,44.0,24444.0,2022-01-13 00:00:00,Kolkata,invalid_email.com,50.635
152,CUST1673,Ali,44,44.0,33725.0,2022-01-13 00:00:00,Kolkata,invalid_email.com,50.635
153,CUST1766,Sneha,female,44.0,53261.0,2021-05-12 00:00:00,Mumbai,user766@gmail.com,50.635
154,CUST1123,Ali,44,10.0,84013.0,2022-01-13 00:00:00,Kolkata,invalid_email.com,50.635
155,CUST1950,Sneha,44,44.0,5000.0,2022-01-13 00:00:00,Delhi,invalid_email.com,50.635
156,CUST1892,Priya,male,43.0,33725.0,2021-03-03 00:00:00,Chennai,user892@gmail.com,50.635
157,CUST1975,rahul123,male,44.0,20239.0,2022-01-13 00:00:00,Delhi,invalid_email.com,35.1
158,CUST1654,Sara,male,21.0,33725.0,2022-01-13 00:00:00,Kolkata,user654@gmail.com,64.68
159,CUST1339,Ali,female,22.0,33725.0,2022-04-16 00:00:00,Kolkata,none,50.635
160,CUST1188,Aman,female,40.0,30633.0,2021-05-12 00:00:00,Mumbai,none,17.88
161,CUST1773,sneha123,female,44.0,45904.0,2022-01-13 00:00:00,Kolkata,user773@gmail.com,50.635
162,CUST1375,Ali,female,44.0,33725.0,2022-01-13 00:00:00,Kolkata,user375@gmail.com,50.635
163,CUST1056,Rahul,male,10.0,5000.0,2022-04-15 00:00:00,Bangalore,user56@gmail.com,50.635
164,CUST1702,Sneha,male,10.0,33725.0,2022-04-15 00:00:00,Mumbai,user702@gmail.com,50.635
165,CUST1857,Priya,female,44.0,5000.0,2022-01-13 00:00:00,Delhi,user857@gmail.com,50.635
166,CUST1433,John,female,60.0,87775.0,2020-11-22 00:00:00,Chennai,user433@gmail.com,50.635
167,CUST1405,Priya,female,44.0,33725.0,2021-05-25 12:00:00,Hyd,none,50.635
168,CUST1183,Neha,female,44.0,33725.0,2022-01-13 00:00:00,Kolkata,user183@gmail.com,50.635
169,CUST1627,Sara,44,48.0,33725.0,2021-05-25 12:00:00,Mumbai,user627@gmail.com,50.635
170,CUST1429,Priya,male,44.0,76275.0,2021-05-25 12:00:00,Bangalore,none,50.635
171,CUST1072,Ali,male,44.0,5000.0,2021-05-12 00:00:00,Bangalore,none,50.635
172,CUST1409,Rahul,female,36.0,24525.0,2021-05-25 12:00:00,Delhi,user409@gmail.com,50.635
173,CUST1198,John,male,44.0,33725.0,2021-05-12 00:00:00,Bangalore,user198@gmail.com,50.635
174,CUST1535,Priya,female,29.0,23535.0,2022-01-13 00:00:00,Bangalore,invalid_email.com,50.635
175,CUST1911,Neha,44,44.0,33725.0,2021-03-23 00:00:00,Kolkata,none,50.635
176,CUST1060,Priya,female,44.0,5000.0,2021-05-12 00:00:00,,user60@gmail.com,50.635
177,CUST1237,Neha,female,10.0,5000.0,2021-05-12 00:00:00,Hyd,user237@gmail.com,39.34
178,CUST1878,Neha,44,35.0,5000.0,2021-05-12 00:00:00,Bangalore,none,50.635
179,CUST1695,john123,44,44.0,66408.0,2021-05-25 12:00:00,Bangalore,invalid_email.com,50.635
180,CUST1798,John,44,44.0,96141.0,2021-05-25 12:00:00,Chennai,invalid_email.com,50.635
181,CUST1506,Ali,44,53.0,33725.0,2022-01-13 00:00:00,Delhi,user506@gmail.com,50.635
182,CUST1618,Aman,male,44.0,33725.0,2021-11-08 00:00:00,Mumbai,none,50.635
183,CUST1498,Priya,44,44.0,89531.0,2021-05-12 00:00:00,Bangalore,user498@gmail.com,50.635
184,CUST1081,Sneha,female,44.0,36815.0,2022-01-13 00:00:00,Kolkata,none,95.96
185,CUST1421,Priya,male,44.0,33725.0,2022-01-13 00:00:00,Hyd,user421@gmail.com,50.635
186,CUST1447,Priya,female,44.0,33606.0,2021-05-25 12:00:00,Bangalore,user447@gmail.com,50.635
187,CUST1016,Sneha,female,44.0,5000.0,2021-05-25 12:00:00,Chennai,invalid_email.com,50.635
188,CUST1216,sara123,male,10.0,33725.0,2021-05-25 12:00:00,Kolkata,invalid_email.com,89.92
189,CUST1578,Rahul,female,64.0,33725.0,2021-05-25 12:00:00,Kolkata,user578@gmail.com,50.635
190,CUST1824,John,male,44.0,34359.0,2021-05-12 00:00:00,Delhi,none,50.635
191,CUST1448,John,44,10.0,5000.0,2022-01-13 00:00:00,Chennai,none,50.635
192,CUST1940,Sneha,44,44.0,33725.0,2021-05-25 12:00:00,Bangalore,user940@gmail.com,50.635
193,CUST1629,Ali,female,60.0,33725.0,2021-05-25 12:00:00,Mumbai,none,50.635
194,CUST1365,Priya,male,44.0,5000.0,2021-05-25 12:00:00,Chennai,invalid_email.com,75.54
195,CUST1668,Aman,female,57.0,5000.0,2021-05-25 12:00:00,,user668@gmail.com,50.635
196,CUST1784,Sneha,44,30.0,5000.0,2021-05-12 00:00:00,Mumbai,user784@gmail.com,50.635
197,CUST1191,priya123,female,10.0,43536.0,2022-01-13 00:00:00,Kolkata,user191@gmail.com,25.21
198,CUST1604,sneha123,female,44.0,33725.0,2021-05-12 00:00:00,Kolkata,user604@gmail.com,68.08
199,CUST1745,priya123,male,10.0,33725.0,2021-05-12 00:00:00,,invalid_email.com,50.635
200,CUST1289,Ali,female,44.0,24571.0,2022-01-13 00:00:00,Bangalore,user289@gmail.com,50.635
201,CUST1600,sara123,male,60.0,33725.0,2021-05-12 00:00:00,Mumbai,invalid_email.com,50.635
202,CUST1193,Sara,female,42.0,5000.0,2021-05-12 00:00:00,Delhi,user193@gmail.com,50.635
203,CUST1678,Sara,male,44.0,33725.0,2022-01-13 00:00:00,Kolkata,user678@gmail.com,41.5
204,CUST1211,Ali,male,44.0,33725.0,2021-05-25 12:00:00,Chennai,user211@gmail.com,50.635
205,CUST1116,priya123,44,48.0,5000.0,2021-09-09 00:00:00,Kolkata,user116@gmail.com,8.04
206,CUST1050,Priya,female,41.0,5000.0,2021-05-12 00:00:00,Bangalore,user50@gmail.com,50.635
207,CUST1559,Sneha,male,33.0,94216.0,2022-01-13 00:00:00,Delhi,none,50.635
208,CUST1623,Neha,female,20.0,33725.0,2022-01-13 00:00:00,Kolkata,user623@gmail.com,50.635
209,CUST1616,Priya,male,44.0,33725.0,2022-01-13 00:00:00,Kolkata,invalid_email.com,26.93
210,CUST1530,Neha,female,44.0,99530.0,2020-11-18 00:00:00,Delhi,invalid_email.com,50.635
211,CUST1684,Neha,male,44.0,33725.0,2021-05-12 00:00:00,,user684@gmail.com,50.635
212,CUST1744,Sara,44,10.0,90808.0,2021-12-02 00:00:00,Delhi,user744@gmail.com,50.635
213,CUST1471,John,male,51.0,22067.0,2021-09-21 00:00:00,Mumbai,user471@gmail.com,50.635
214,CUST1550,Ali,44,45.0,33725.0,2021-05-16 00:00:00,Kolkata,user550@gmail.com,50.635
215,CUST1133,Neha,female,44.0,5000.0,2021-05-12 00:00:00,Kolkata,user133@gmail.com,50.635
216,CUST1573,Sneha,male,44.0,26385.0,2021-05-12 00:00:00,Kolkata,none,50.635
217,CUST1588,Ali,male,44.0,33725.0,2022-01-13 00:00:00,Kolkata,user588@gmail.com,50.635
218,CUST1274,priya123,male,44.0,33725.0,2022-01-13 00:00:00,Delhi,none,50.635
219,CUST1382,Priya,female,44.0,33725.0,2021-05-25 12:00:00,Delhi,user382@gmail.com,50.635
220,CUST1986,Priya,male,44.0,33725.0,2021-05-12 00:00:00,Mumbai,user986@gmail.com,50.635
221,CUST1674,Neha,44,44.0,43705.0,2021-05-12 00:00:00,Kolkata,none,50.635
222,CUST1637,Rahul,male,32.0,33725.0,2021-05-12 00:00:00,Delhi,user637@gmail.com,50.635
223,CUST1561,Priya,44,44.0,33725.0,2022-02-20 00:00:00,Kolkata,none,50.635
224,CUST1917,Aman,female,23.0,33725.0,2022-01-13 00:00:00,,user917@gmail.com,50.635
225,CUST1861,John,male,44.0,74192.0,2021-05-25 12:00:00,Kolkata,user861@gmail.com,53.83
226,CUST1337,Neha,male,44.0,81673.0,2021-05-25 12:00:00,Hyd,user337@gmail.com,21.44
227,CUST1223,sneha123,female,44.0,98232.0,2021-05-25 12:00:00,Hyd,user223@gmail.com,50.635
228,CUST1810,Sneha,male,40.0,33725.0,2021-05-25 12:00:00,Kolkata,user810@gmail.com,50.635
229,CUST1757,Aman,male,44.0,85167.0,2022-01-13 00:00:00,,user757@gmail.com,50.635
230,CUST1278,Priya,female,44.0,37812.0,2021-09-17 00:00:00,Chennai,user278@gmail.com,41.95
231,CUST1896,Rahul,male,10.0,33725.0,2021-05-25 12:00:00,Chennai,user896@gmail.com,86.79
232,CUST1984,Aman,male,44.0,33725.0,2021-01-10 00:00:00,Mumbai,user984@gmail.com,50.635
233,CUST1014,Rahul,female,44.0,33725.0,2021-05-25 12:00:00,Hyd,invalid_email.com,50.635
234,CUST1083,Priya,male,44.0,59049.0,2022-02-07 00:00:00,Hyd,user83@gmail.com,50.635
236,CUST1117,Ali,male,44.0,99752.0,2022-02-07 00:00:00,Hyd,invalid_email.com,39.92
237,CUST1143,Ali,male,31.0,33725.0,2022-05-27 00:00:00,Hyd,user143@gmail.com,50.635
238,CUST1190,Sneha,male,10.0,33725.0,2021-05-12 00:00:00,,user190@gmail.com,50.635
240,CUST1113,Rahul,44,30.0,5000.0,2021-05-25 12:00:00,Chennai,invalid_email.com,98.19
241,CUST1827,Aman,male,10.0,33725.0,2021-05-25 12:00:00,Chennai,user827@gmail.com,50.635
242,CUST1144,Neha,male,44.0,33725.0,2021-01-24 00:00:00,Kolkata,user144@gmail.com,55.28
243,CUST1251,Sneha,female,44.0,5000.0,2022-01-13 00:00:00,Bangalore,none,50.635
244,CUST1587,Priya,male,44.0,76440.0,2022-04-03 00:00:00,Kolkata,user587@gmail.com,50.635
245,CUST1465,Sneha,female,48.0,5000.0,2020-12-13 00:00:00,Kolkata,invalid_email.com,97.68
246,CUST1020,John,female,25.0,60834.0,2021-05-25 12:00:00,Kolkata,none,50.635
247,CUST1349,Rahul,female,44.0,33725.0,2021-05-25 12:00:00,Kolkata,none,50.635
248,CUST1037,Sara,44,44.0,48149.0,2021-05-25 12:00:00,Mumbai,user37@gmail.com,50.635
249,CUST1254,neha123,male,44.0,40037.0,2021-05-25 12:00:00,Delhi,user254@gmail.com,52.27
251,CUST1575,Sneha,male,44.0,33725.0,2021-05-25 12:00:00,Mumbai,user575@gmail.com,37.33
252,CUST1233,Aman,male,44.0,28477.0,2021-01-14 00:00:00,Kolkata,user233@gmail.com,0.53
253,CUST1453,aman123,44,44.0,33725.0,2021-01-14 00:00:00,Kolkata,user453@gmail.com,50.635
254,CUST1895,Neha,44,44.0,78863.0,2021-01-14 00:00:00,,user895@gmail.com,50.635
255,CUST1307,Priya,44,24.0,22694.0,2021-05-12 00:00:00,Delhi,invalid_email.com,50.635
256,CUST1583,Aman,male,46.0,35688.0,2022-01-13 00:00:00,Mumbai,user583@gmail.com,17.95
257,CUST1657,Ali,female,60.0,33725.0,2022-01-17 00:00:00,Chennai,user657@gmail.com,50.635
258,CUST1720,Aman,male,10.0,33725.0,2021-05-25 12:00:00,Chennai,invalid_email.com,50.635
259,CUST1394,John,female,44.0,63844.0,2022-01-13 00:00:00,Kolkata,none,50.635
260,CUST1823,rahul123,male,44.0,33725.0,2021-05-25 12:00:00,Delhi,user823@gmail.com,50.635
262,CUST1846,Sara,male,54.0,33725.0,2021-05-12 00:00:00,Kolkata,user846@gmail.com,89.71
263,CUST1311,Sara,male,44.0,5000.0,2022-01-13 00:00:00,Kolkata,invalid_email.com,82.46
264,CUST1756,Neha,male,44.0,96927.0,2021-05-12 00:00:00,Bangalore,user756@gmail.com,50.635
266,CUST1370,Priya,male,18.0,74623.0,2022-01-13 00:00:00,Hyd,invalid_email.com,50.635
267,CUST1519,John,male,44.0,49692.0,2021-05-25 12:00:00,,user519@gmail.com,50.635
268,CUST1502,John,female,44.0,33725.0,2021-05-25 12:00:00,Mumbai,user502@gmail.com,50.635
269,CUST1011,Ali,female,44.0,33725.0,2022-01-13 00:00:00,Bangalore,invalid_email.com,50.635
270,CUST1921,Rahul,female,44.0,78169.0,2022-01-13 00:00:00,Kolkata,user921@gmail.com,50.635
271,CUST1783,Aman,female,24.0,92566.0,2021-05-25 12:00:00,Kolkata,invalid_email.com,50.635
273,CUST1430,Ali,female,18.0,81448.0,2021-05-12 00:00:00,,invalid_email.com,50.635
274,CUST1832,Ali,male,10.0,62091.0,2021-05-25 12:00:00,,invalid_email.com,50.635
275,CUST1126,John,female,44.0,5000.0,2022-01-13 00:00:00,Bangalore,user126@gmail.com,50.635
276,CUST1460,Priya,female,44.0,44615.0,2022-01-13 00:00:00,Kolkata,user460@gmail.com,91.51
277,CUST1043,Neha,44,44.0,5000.0,2021-11-20 00:00:00,Hyd,none,50.635
278,CUST1320,Neha,44,63.0,58909.0,2021-05-12 00:00:00,Hyd,none,50.635
279,CUST1820,Sneha,female,38.0,79941.0,2022-01-13 00:00:00,Mumbai,user820@gmail.com,50.635
280,CUST1557,John,female,47.0,66302.0,2020-09-22 00:00:00,Hyd,user557@gmail.com,50.635
281,CUST1170,John,male,48.0,33725.0,2020-09-22 00:00:00,Mumbai,user170@gmail.com,69.59
282,CUST1736,Priya,44,44.0,45967.0,2021-03-07 00:00:00,Kolkata,user736@gmail.com,87.78
283,CUST1300,Ali,male,10.0,5000.0,2021-05-12 00:00:00,Delhi,invalid_email.com,50.635
284,CUST1586,Sneha,male,27.0,5000.0,2021-12-19 00:00:00,Kolkata,user586@gmail.com,50.635
285,CUST1482,aman123,male,44.0,33725.0,2022-07-08 00:00:00,Kolkata,none,50.635
286,CUST1526,Rahul,male,57.0,33725.0,2022-01-13 00:00:00,Delhi,user526@gmail.com,50.635
287,CUST1764,Rahul,male,44.0,56288.0,2021-01-13 00:00:00,Bangalore,user764@gmail.com,95.76
288,CUST1599,Sneha,male,44.0,98677.0,2021-05-25 12:00:00,Mumbai,user599@gmail.com,50.635
289,CUST1264,neha123,44,44.0,62190.0,2021-05-12 00:00:00,Kolkata,none,50.635
290,CUST1562,Sara,male,44.0,33725.0,2021-05-12 00:00:00,Kolkata,user562@gmail.com,44.55
291,CUST1122,Sneha,male,61.0,33725.0,2021-05-25 12:00:00,Mumbai,user122@gmail.com,50.635
292,CUST1400,John,44,54.0,33725.0,2021-05-25 12:00:00,Mumbai,none,50.635
293,CUST1303,Sneha,female,44.0,33725.0,2021-05-25 12:00:00,Bangalore,none,50.635
294,CUST1209,priya123,male,44.0,33725.0,2021-05-25 12:00:00,Chennai,user209@gmail.com,50.635
295,CUST1969,Sara,male,44.0,33725.0,2021-05-12 00:00:00,Mumbai,user969@gmail.com,50.635
296,CUST1395,Sneha,female,57.0,33725.0,2021-01-16 00:00:00,Chennai,user395@gmail.com,50.635
297,CUST1862,Rahul,female,18.0,33725.0,2021-05-25 12:00:00,Hyd,user862@gmail.com,50.635
298,CUST1049,neha123,male,44.0,33725.0,2022-04-13 00:00:00,Hyd,user49@gmail.com,50.635
299,CUST1794,Rahul,male,44.0,28256.0,2021-05-25 12:00:00,Delhi,invalid_email.com,50.635
300,CUST1344,Neha,male,37.0,5000.0,2021-01-20 00:00:00,Kolkata,user344@gmail.com,50.03
301,CUST1025,Ali,female,10.0,82655.0,2020-09-07 00:00:00,Delhi,user25@gmail.com,50.635
302,CUST1577,Sara,44,38.0,73401.0,2022-06-04 00:00:00,Delhi,none,50.635
303,CUST1438,John,female,44.0,5000.0,2021-05-12 00:00:00,Hyd,user438@gmail.com,99.38
304,CUST1019,Neha,male,44.0,66548.0,2021-05-12 00:00:00,Delhi,user19@gmail.com,50.635
305,CUST1233,Aman,male,44.0,28477.0,2021-01-14 00:00:00,Kolkata,user233@gmail.com,0.53
306,CUST1928,Priya,male,67.0,72990.0,2022-02-22 00:00:00,Bangalore,user928@gmail.com,50.635
307,CUST1310,Ali,male,40.0,5000.0,2022-05-24 00:00:00,,user310@gmail.com,12.78
308,CUST1874,Sneha,44,68.0,5000.0,2022-05-01 00:00:00,Hyd,user874@gmail.com,74.13
309,CUST1185,John,female,44.0,5000.0,2022-05-01 00:00:00,Mumbai,invalid_email.com,50.635
310,CUST1426,Aman,44,46.0,33725.0,2022-05-01 00:00:00,Bangalore,user426@gmail.com,50.635
311,CUST1378,Neha,female,44.0,33725.0,2022-01-13 00:00:00,Delhi,user378@gmail.com,50.635
312,CUST1714,priya123,female,59.0,33725.0,2022-01-13 00:00:00,,user714@gmail.com,50.635
313,CUST1465,Sneha,female,48.0,5000.0,2020-12-13 00:00:00,Kolkata,invalid_email.com,97.68
314,CUST1128,Priya,female,25.0,94708.0,2022-01-13 00:00:00,Mumbai,user128@gmail.com,50.635
315,CUST1793,sneha123,female,44.0,5000.0,2022-01-13 00:00:00,Kolkata,user793@gmail.com,50.635
316,CUST1958,Aman,44,59.0,41013.0,2021-05-25 12:00:00,,user958@gmail.com,50.635
317,CUST1876,Sara,male,65.0,92257.0,2021-05-12 00:00:00,,none,50.635
318,CUST1821,Ali,male,44.0,33725.0,2021-05-12 00:00:00,Bangalore,none,50.635
319,CUST1812,Neha,44,58.0,33725.0,2021-05-12 00:00:00,Delhi,user812@gmail.com,8.0
320,CUST1830,Aman,male,52.0,27009.0,2021-05-25 12:00:00,Chennai,invalid_email.com,50.635
321,CUST1177,rahul123,male,57.0,82565.0,2021-07-05 00:00:00,Hyd,invalid_email.com,50.635
322,CUST1639,Ali,male,35.0,5000.0,2021-07-05 00:00:00,Bangalore,user639@gmail.com,50.635
323,CUST1724,aman123,44,44.0,33725.0,2020-06-07 00:00:00,,user724@gmail.com,50.635
324,CUST1488,Ali,female,44.0,46323.0,2022-01-13 00:00:00,Kolkata,user488@gmail.com,50.635
325,CUST1715,Neha,male,61.0,34915.0,2022-01-13 00:00:00,Delhi,user715@gmail.com,8.57
326,CUST1439,Aman,male,44.0,33725.0,2021-05-12 00:00:00,Hyd,invalid_email.com,50.635
327,CUST1178,Rahul,male,50.0,64291.0,2022-01-13 00:00:00,,user178@gmail.com,50.635
328,CUST1332,Neha,male,41.0,33725.0,2021-05-25 12:00:00,Kolkata,user332@gmail.com,50.635
329,CUST1630,Sneha,female,44.0,92359.0,2021-09-04 00:00:00,Bangalore,user630@gmail.com,50.635
330,CUST1090,Ali,female,44.0,21860.0,2022-02-27 00:00:00,Kolkata,none,4.05
331,CUST1002,Sneha,female,10.0,24417.0,2022-01-13 00:00:00,Chennai,invalid_email.com,50.635
332,CUST1613,Sara,female,44.0,33725.0,2021-03-15 00:00:00,Chennai,none,50.635
333,CUST1742,Sara,44,44.0,33725.0,2021-05-25 12:00:00,Bangalore,user742@gmail.com,50.635
334,CUST1231,Sneha,male,44.0,33725.0,2021-05-25 12:00:00,,invalid_email.com,50.635
335,CUST1340,Sara,female,38.0,33725.0,2022-01-13 00:00:00,Kolkata,invalid_email.com,50.635
336,CUST1164,John,female,27.0,45750.0,2021-05-12 00:00:00,Delhi,user164@gmail.com,50.635
337,CUST1909,Priya,44,44.0,33725.0,2022-01-13 00:00:00,,none,54.94
339,CUST1647,Priya,44,30.0,57697.0,2022-01-13 00:00:00,Chennai,user647@gmail.com,11.6
340,CUST1609,Aman,44,44.0,33725.0,2022-01-13 00:00:00,Kolkata,none,50.635
341,CUST1786,Aman,male,53.0,61075.0,2021-05-12 00:00:00,Hyd,none,50.635
342,CUST1957,Neha,male,10.0,5000.0,2022-01-13 00:00:00,Hyd,user957@gmail.com,50.635
343,CUST1978,Aman,female,10.0,56397.0,2021-05-12 00:00:00,,user978@gmail.com,10.58
344,CUST1963,Sara,44,61.0,33725.0,2021-05-12 00:00:00,,user963@gmail.com,50.635
345,CUST1982,Priya,male,44.0,37806.0,2022-01-13 00:00:00,Bangalore,invalid_email.com,50.635
346,CUST1431,rahul123,male,44.0,33725.0,2021-05-25 12:00:00,Delhi,user431@gmail.com,26.4
347,CUST1697,John,female,44.0,33725.0,2020-07-30 00:00:00,Bangalore,user697@gmail.com,50.635
348,CUST1212,John,male,10.0,65502.0,2021-05-12 00:00:00,Chennai,user212@gmail.com,50.635
349,CUST1796,Ali,male,44.0,33725.0,2020-11-30 00:00:00,Hyd,user796@gmail.com,50.635
350,CUST1203,Sara,female,44.0,52358.0,2022-01-13 00:00:00,Kolkata,invalid_email.com,50.635
351,CUST1999,Neha,44,10.0,33725.0,2021-05-25 12:00:00,Chennai,user999@gmail.com,49.05
352,CUST1905,Sara,female,59.0,33725.0,2022-01-13 00:00:00,Kolkata,user905@gmail.com,50.635
353,CUST1531,rahul123,female,10.0,33725.0,2022-06-28 00:00:00,Mumbai,user531@gmail.com,50.635
354,CUST1581,Sneha,female,44.0,5000.0,2021-12-26 00:00:00,Hyd,invalid_email.com,50.635
355,CUST1710,sara123,female,65.0,5000.0,2021-05-12 00:00:00,Kolkata,user710@gmail.com,50.635
356,CUST1543,Rahul,44,10.0,5000.0,2022-02-12 00:00:00,Delhi,user543@gmail.com,50.635
357,CUST1653,Sneha,male,10.0,5000.0,2022-02-12 00:00:00,Delhi,invalid_email.com,50.635
358,CUST1026,Rahul,male,57.0,5000.0,2022-02-12 00:00:00,Chennai,user26@gmail.com,61.29
359,CUST1341,Ali,male,44.0,5000.0,2021-05-12 00:00:00,Hyd,user341@gmail.com,33.83
360,CUST1283,Aman,44,10.0,60565.0,2022-05-20 00:00:00,Hyd,user283@gmail.com,50.635
361,CUST1680,Ali,44,10.0,35988.0,2022-05-20 00:00:00,,invalid_email.com,50.635
362,CUST1507,neha123,female,44.0,33725.0,2022-01-03 00:00:00,Kolkata,none,71.09
363,CUST1996,Ali,male,10.0,5000.0,2021-05-12 00:00:00,Chennai,user996@gmail.com,50.635
364,CUST1546,Sara,male,26.0,42836.0,2022-01-13 00:00:00,Delhi,invalid_email.com,63.51
365,CUST1270,Neha,44,27.0,99208.0,2021-05-25 12:00:00,Chennai,user270@gmail.com,50.635
366,CUST1734,Neha,44,44.0,5000.0,2021-05-12 00:00:00,Kolkata,invalid_email.com,8.08
367,CUST1336,Sara,female,56.0,87585.0,2022-01-13 00:00:00,Hyd,user336@gmail.com,50.635
368,CUST1187,Sneha,male,44.0,5000.0,2022-01-13 00:00:00,Bangalore,user187@gmail.com,50.635
369,CUST1443,Sneha,44,44.0,46770.0,2022-01-13 00:00:00,Kolkata,user443@gmail.com,50.635
370,CUST1210,Priya,male,47.0,33725.0,2022-01-13 00:00:00,Delhi,user210@gmail.com,50.635
371,CUST1235,Sneha,male,10.0,5000.0,2021-05-12 00:00:00,Kolkata,none,26.0
372,CUST1881,Rahul,male,44.0,90108.0,2021-05-12 00:00:00,Chennai,none,50.635
373,CUST1598,Priya,female,10.0,33725.0,2021-05-12 00:00:00,Delhi,user598@gmail.com,68.34
374,CUST1590,Neha,male,30.0,33725.0,2021-05-12 00:00:00,,user590@gmail.com,50.635
375,CUST1242,Priya,male,44.0,34664.0,2022-06-02 00:00:00,Mumbai,invalid_email.com,50.635
376,CUST1505,Aman,female,58.0,70854.0,2021-03-06 00:00:00,Kolkata,user505@gmail.com,50.635
377,CUST1953,Ali,male,10.0,61217.0,2022-01-13 00:00:00,Bangalore,invalid_email.com,50.635
378,CUST1248,John,male,44.0,49860.0,2022-01-13 00:00:00,Bangalore,user248@gmail.com,60.99
379,CUST1589,priya123,female,26.0,33725.0,2022-01-13 00:00:00,Kolkata,user589@gmail.com,50.635
380,CUST1485,Sara,female,44.0,5000.0,2021-05-25 12:00:00,Kolkata,user485@gmail.com,50.635
381,CUST1667,Neha,male,44.0,33725.0,2022-01-13 00:00:00,Chennai,user667@gmail.com,76.52
382,CUST1305,priya123,44,44.0,33725.0,2022-01-13 00:00:00,Kolkata,invalid_email.com,38.39
383,CUST1836,aman123,male,44.0,5000.0,2021-05-12 00:00:00,Hyd,user836@gmail.com,50.635
384,CUST1625,Neha,male,10.0,81705.0,2022-01-13 00:00:00,Kolkata,invalid_email.com,26.28
385,CUST1988,Aman,male,44.0,49383.0,2021-05-25 12:00:00,Kolkata,user988@gmail.com,50.635
386,CUST1141,John,male,47.0,5000.0,2021-05-25 12:00:00,Kolkata,invalid_email.com,50.635
387,CUST1852,rahul123,male,37.0,5000.0,2021-07-22 00:00:00,Hyd,invalid_email.com,50.635
388,CUST1091,Rahul,male,50.0,49345.0,2021-05-25 12:00:00,Kolkata,user91@gmail.com,50.635
389,CUST1560,priya123,female,66.0,86538.0,2021-11-07 00:00:00,Delhi,invalid_email.com,50.635
390,CUST1998,Aman,male,44.0,33725.0,2021-05-12 00:00:00,Kolkata,user998@gmail.com,50.635
391,CUST1818,Neha,female,44.0,94058.0,2021-05-12 00:00:00,,user818@gmail.com,50.635
392,CUST1662,Aman,female,44.0,75105.0,2021-05-12 00:00:00,Delhi,user662@gmail.com,50.635
393,CUST1719,Sneha,44,44.0,33725.0,2021-05-12 00:00:00,Chennai,user719@gmail.com,50.635
394,CUST1229,Aman,male,66.0,30706.0,2021-05-25 12:00:00,Delhi,user229@gmail.com,68.75
395,CUST1954,Sara,44,23.0,33725.0,2021-05-25 12:00:00,Kolkata,user954@gmail.com,50.635
396,CUST1735,Sara,female,10.0,5000.0,2021-05-25 12:00:00,Kolkata,none,50.635
397,CUST1054,Aman,female,44.0,33725.0,2021-05-12 00:00:00,Bangalore,none,50.635
398,CUST1186,Aman,male,10.0,33725.0,2021-05-12 00:00:00,Delhi,none,99.65
399,CUST1271,Rahul,female,10.0,5000.0,2021-05-25 12:00:00,Hyd,user271@gmail.com,50.635
400,CUST1306,Ali,female,35.0,66275.0,2021-05-12 00:00:00,Delhi,invalid_email.com,50.635
401,CUST1168,Aman,44,10.0,33725.0,2021-05-25 12:00:00,Mumbai,invalid_email.com,50.635
402,CUST1765,John,male,44.0,33725.0,2021-05-25 12:00:00,Delhi,user765@gmail.com,40.12
403,CUST1751,Ali,44,21.0,33725.0,2021-05-25 12:00:00,Hyd,user751@gmail.com,50.635
404,CUST1964,John,male,44.0,5000.0,2021-05-25 12:00:00,Bangalore,none,50.635
405,CUST1472,John,male,34.0,5000.0,2021-05-25 12:00:00,Mumbai,none,50.635
406,CUST1265,Sara,female,44.0,33725.0,2021-05-25 12:00:00,Mumbai,none,50.635
407,CUST1074,Rahul,female,19.0,33725.0,2021-05-12 00:00:00,Kolkata,invalid_email.com,50.635
408,CUST1817,Priya,male,10.0,81267.0,2022-01-13 00:00:00,Bangalore,user817@gmail.com,50.635
409,CUST1475,Sara,female,44.0,5000.0,2022-01-13 00:00:00,Hyd,user475@gmail.com,50.635
410,CUST1058,John,44,10.0,33725.0,2021-05-12 00:00:00,Kolkata,user58@gmail.com,50.635
411,CUST1404,Neha,female,44.0,47143.0,2022-01-13 00:00:00,Hyd,none,50.635
412,CUST1828,Priya,female,54.0,82197.0,2022-01-13 00:00:00,Chennai,none,50.635
413,CUST1308,Aman,male,10.0,5000.0,2020-02-27 00:00:00,Kolkata,user308@gmail.com,50.635
414,CUST1694,Ali,female,44.0,5000.0,2021-04-19 00:00:00,Kolkata,user694@gmail.com,50.635
415,CUST1536,Aman,44,44.0,24439.0,2021-05-12 00:00:00,Bangalore,user536@gmail.com,50.635
416,CUST1163,Ali,male,36.0,5000.0,2020-01-27 00:00:00,Hyd,invalid_email.com,50.635
417,CUST1934,Priya,female,44.0,33725.0,2021-05-25 12:00:00,Chennai,invalid_email.com,50.635
418,CUST1195,Neha,male,48.0,31456.0,2021-12-25 00:00:00,Chennai,none,50.635
419,CUST1593,John,female,44.0,5000.0,2022-07-04 00:00:00,Hyd,user593@gmail.com,50.635
420,CUST1061,Neha,male,10.0,33725.0,2022-07-04 00:00:00,Chennai,user61@gmail.com,64.15
421,CUST1510,priya123,female,10.0,33725.0,2021-05-12 00:00:00,Hyd,invalid_email.com,41.5
422,CUST1194,priya123,female,27.0,52235.0,2021-05-25 12:00:00,Kolkata,none,50.635
423,CUST1666,Sara,female,10.0,82198.0,2021-05-12 00:00:00,,invalid_email.com,50.635
424,CUST1301,Ali,44,44.0,47393.0,2020-05-14 00:00:00,Bangalore,user301@gmail.com,50.635
425,CUST1946,Aman,male,44.0,33725.0,2022-09-25 00:00:00,Kolkata,user946@gmail.com,50.635
426,CUST1800,Sneha,male,44.0,33725.0,2022-02-20 00:00:00,Hyd,user800@gmail.com,50.635
428,CUST1480,Sneha,female,44.0,33725.0,2022-01-13 00:00:00,Mumbai,invalid_email.com,50.635
429,CUST1347,Sara,female,44.0,5000.0,2022-01-13 00:00:00,Mumbai,none,50.635
430,CUST1036,John,male,44.0,5000.0,2022-01-13 00:00:00,Mumbai,user36@gmail.com,56.77
431,CUST1723,John,male,44.0,33725.0,2022-01-13 00:00:00,Kolkata,user723@gmail.com,50.635
432,CUST1380,Aman,female,44.0,5000.0,2021-05-12 00:00:00,Hyd,none,26.4
433,CUST1932,Neha,female,44.0,33845.0,2021-05-12 00:00:00,Delhi,user932@gmail.com,50.635
434,CUST1661,Aman,44,26.0,33725.0,2021-05-25 12:00:00,Mumbai,user661@gmail.com,50.635
435,CUST1707,Rahul,male,44.0,26280.0,2021-05-12 00:00:00,Hyd,none,50.635
436,CUST1525,ali123,female,10.0,82197.0,2021-05-25 12:00:00,Hyd,none,50.635
437,CUST1866,Sara,male,10.0,33725.0,2021-05-25 12:00:00,Delhi,user866@gmail.com,50.635
438,CUST1614,Neha,44,44.0,5000.0,2022-01-13 00:00:00,Kolkata,invalid_email.com,50.635
439,CUST1809,Ali,female,52.0,33725.0,2021-05-12 00:00:00,Kolkata,user809@gmail.com,50.635
440,CUST1258,Priya,44,44.0,5000.0,2021-05-12 00:00:00,Chennai,user258@gmail.com,50.635
441,CUST1425,Sara,female,10.0,61628.0,2021-05-12 00:00:00,Chennai,none,50.635
442,CUST1919,Aman,female,44.0,33725.0,2021-05-25 12:00:00,Delhi,user919@gmail.com,50.635
443,CUST1432,Aman,female,44.0,62313.0,2021-05-25 12:00:00,Kolkata,user432@gmail.com,50.635
444,CUST1273,Sneha,male,44.0,5000.0,2022-01-13 00:00:00,Mumbai,user273@gmail.com,95.32
445,CUST1529,Aman,female,44.0,96011.0,2021-05-12 00:00:00,,none,50.635
446,CUST1687,Aman,44,44.0,5000.0,2021-05-12 00:00:00,Delhi,user687@gmail.com,50.635
447,CUST1148,Rahul,44,38.0,5000.0,2022-01-13 00:00:00,Bangalore,invalid_email.com,50.635
449,CUST1286,Neha,female,30.0,5000.0,2021-05-25 12:00:00,Delhi,invalid_email.com,50.635
450,CUST1511,Priya,male,10.0,56374.0,2021-05-25 12:00:00,Mumbai,user511@gmail.com,50.635
451,CUST1236,Sneha,female,44.0,33725.0,2022-01-13 00:00:00,Bangalore,none,50.635
452,CUST1309,Sara,44,44.0,5000.0,2021-05-12 00:00:00,Chennai,invalid_email.com,78.98
453,CUST1945,Aman,male,10.0,33725.0,2021-05-12 00:00:00,Mumbai,user945@gmail.com,50.635
454,CUST1179,Neha,male,10.0,33725.0,2021-05-12 00:00:00,Kolkata,user179@gmail.com,50.635
455,CUST1782,Sara,female,44.0,5000.0,2021-05-12 00:00:00,Kolkata,user782@gmail.com,50.635
456,CUST1969,Sara,male,44.0,33725.0,2021-05-12 00:00:00,Mumbai,user969@gmail.com,50.635
457,CUST1807,rahul123,female,10.0,33725.0,2021-05-12 00:00:00,Kolkata,none,8.36
458,CUST1699,Aman,male,44.0,24542.0,2020-09-13 00:00:00,Kolkata,none,99.87
459,CUST1754,Neha,male,44.0,59517.0,2020-09-14 00:00:00,Kolkata,user754@gmail.com,84.84
460,CUST1462,Sneha,female,10.0,33725.0,2020-09-14 00:00:00,Delhi,none,50.635
461,CUST1192,Ali,44,44.0,33725.0,2020-09-14 00:00:00,Hyd,none,50.635
462,CUST1555,John,female,44.0,33725.0,2021-05-25 12:00:00,Delhi,none,50.635
463,CUST1100,Priya,female,44.0,5000.0,2021-05-12 00:00:00,Chennai,none,50.635
464,CUST1220,Ali,male,44.0,5000.0,2020-07-27 00:00:00,Chennai,user220@gmail.com,54.58
465,CUST1493,Sara,44,33.0,5000.0,2021-01-30 00:00:00,Chennai,user493@gmail.com,50.635
466,CUST1359,John,male,10.0,68367.0,2022-01-13 00:00:00,Bangalore,user359@gmail.com,50.635
467,CUST1976,Rahul,44,31.0,79560.0,2022-01-13 00:00:00,Hyd,user976@gmail.com,50.635
468,CUST1564,Neha,44,55.0,33725.0,2022-01-13 00:00:00,Delhi,user564@gmail.com,50.635
469,CUST1027,Ali,male,44.0,33725.0,2021-12-07 00:00:00,Hyd,user27@gmail.com,50.635
471,CUST1414,Aman,female,44.0,33725.0,2021-02-09 00:00:00,,invalid_email.com,50.635
472,CUST1247,Sneha,44,57.0,33725.0,2021-05-12 00:00:00,Kolkata,user247@gmail.com,50.635
473,CUST1904,Ali,female,44.0,33725.0,2021-05-12 00:00:00,Delhi,user904@gmail.com,50.635
474,CUST1176,Ali,female,43.0,79367.0,2021-05-12 00:00:00,Bangalore,user176@gmail.com,50.635
475,CUST1238,John,female,44.0,5000.0,2021-05-12 00:00:00,Chennai,invalid_email.com,50.635
476,CUST1281,Ali,44,10.0,33725.0,2021-05-12 00:00:00,Hyd,invalid_email.com,50.635
477,CUST1469,John,male,44.0,33725.0,2021-05-12 00:00:00,Chennai,user469@gmail.com,50.635
478,CUST1393,Sara,44,67.0,33725.0,2021-05-12 00:00:00,Delhi,user393@gmail.com,50.635
479,CUST1631,Aman,female,42.0,33725.0,2022-01-13 00:00:00,Hyd,none,74.7
480,CUST1030,aman123,male,10.0,5000.0,2022-01-13 00:00:00,Chennai,user30@gmail.com,50.635
481,CUST1901,Sneha,male,43.0,42262.0,2021-05-25 12:00:00,Hyd,user901@gmail.com,50.635
482,CUST1878,Neha,44,35.0,5000.0,2021-05-12 00:00:00,Bangalore,none,50.635
483,CUST1021,Priya,male,41.0,5000.0,2021-05-25 12:00:00,Mumbai,invalid_email.com,80.09
484,CUST1879,Aman,44,54.0,5000.0,2021-05-25 12:00:00,Kolkata,user879@gmail.com,50.635
485,CUST1369,Sneha,male,44.0,33725.0,2022-01-13 00:00:00,,none,50.635
486,CUST1427,Rahul,44,44.0,5000.0,2021-06-17 00:00:00,Mumbai,user427@gmail.com,50.635
487,CUST1887,Ali,male,20.0,33725.0,2021-06-17 00:00:00,Delhi,user887@gmail.com,90.33
488,CUST1466,Rahul,female,50.0,66476.0,2021-06-17 00:00:00,Hyd,none,50.635
489,CUST1463,Priya,male,44.0,33725.0,2021-06-17 00:00:00,Kolkata,user463@gmail.com,50.635
490,CUST1253,Neha,female,10.0,33078.0,2020-09-15 00:00:00,Kolkata,user253@gmail.com,50.635
491,CUST1321,Sneha,female,44.0,98501.0,2020-09-15 00:00:00,Mumbai,none,30.89
492,CUST1539,Aman,male,44.0,33725.0,2021-05-25 12:00:00,Chennai,user539@gmail.com,50.635
493,CUST1284,Sara,male,44.0,75879.0,2022-01-13 00:00:00,Kolkata,none,50.03
494,CUST1669,Neha,male,30.0,29014.0,2021-05-12 00:00:00,Delhi,user669@gmail.com,50.635
495,CUST1792,Ali,44,47.0,34561.0,2022-01-13 00:00:00,,none,50.635
496,CUST1052,Rahul,male,31.0,89279.0,2021-10-17 00:00:00,Kolkata,none,50.635
497,CUST1544,Sneha,male,10.0,46133.0,2021-10-17 00:00:00,Hyd,user544@gmail.com,50.635
498,CUST1944,John,male,44.0,33725.0,2021-10-17 00:00:00,Kolkata,none,50.635
499,CUST1915,Neha,female,10.0,32609.0,2022-01-13 00:00:00,Kolkata,user915@gmail.com,50.635
500,CUST1018,Sara,male,37.0,33725.0,2022-02-09 00:00:00,Hyd,user18@gmail.com,50.635
501,CUST1175,Sara,male,44.0,21663.0,2021-05-12 00:00:00,Chennai,none,50.635
502,CUST1315,John,male,44.0,5000.0,2021-05-12 00:00:00,Hyd,invalid_email.com,50.635
503,CUST1787,Sara,male,29.0,33725.0,2021-05-12 00:00:00,Kolkata,user787@gmail.com,50.635
504,CUST1942,Sara,44,32.0,33725.0,2021-05-25 12:00:00,Bangalore,none,50.635
505,CUST1620,Rahul,male,44.0,33725.0,2020-04-27 00:00:00,Mumbai,user620@gmail.com,50.635
506,CUST1329,Neha,44,44.0,33725.0,2021-05-12 00:00:00,Delhi,user329@gmail.com,10.61
507,CUST1214,Ali,male,59.0,5000.0,2020-07-07 00:00:00,Chennai,invalid_email.com,69.47
508,CUST1379,Neha,female,44.0,33725.0,2020-07-07 00:00:00,Bangalore,user379@gmail.com,66.25
509,CUST1436,john123,male,10.0,33725.0,2020-07-07 00:00:00,Bangalore,user436@gmail.com,50.635
510,CUST1282,Priya,female,44.0,33725.0,2020-07-07 00:00:00,Hyd,user282@gmail.com,50.635
511,CUST1705,Priya,44,44.0,5000.0,2020-07-07 00:00:00,,user705@gmail.com,50.635
512,CUST1993,Ali,male,32.0,5000.0,2020-07-07 00:00:00,Chennai,user993@gmail.com,50.635
513,CUST1093,John,female,44.0,89393.0,2022-01-13 00:00:00,Kolkata,user93@gmail.com,50.635
514,CUST1174,Priya,male,61.0,88422.0,2021-07-11 00:00:00,,user174@gmail.com,73.74
515,CUST1644,Rahul,male,24.0,93567.0,2021-05-25 12:00:00,Chennai,invalid_email.com,50.635
516,CUST1721,John,male,44.0,33725.0,2021-05-25 12:00:00,Kolkata,invalid_email.com,50.635
517,CUST1868,Rahul,male,46.0,5000.0,2021-05-12 00:00:00,Kolkata,none,50.635
518,CUST1267,John,male,44.0,78407.0,2022-01-13 00:00:00,Delhi,user267@gmail.com,50.635
519,CUST1688,aman123,44,44.0,33725.0,2020-03-04 00:00:00,Kolkata,user688@gmail.com,50.635
520,CUST1761,aman123,female,10.0,33725.0,2022-01-13 00:00:00,Bangalore,user761@gmail.com,36.13
521,CUST1617,Ali,female,44.0,69037.0,2022-01-13 00:00:00,Delhi,user617@gmail.com,32.05
522,CUST1826,Sara,male,44.0,33725.0,2021-05-12 00:00:00,Kolkata,user826@gmail.com,50.635
523,CUST1239,Aman,44,44.0,33725.0,2020-11-05 00:00:00,Hyd,invalid_email.com,50.635
524,CUST1261,Ali,male,44.0,5000.0,2021-05-12 00:00:00,Chennai,user261@gmail.com,50.635
525,CUST1740,Aman,44,44.0,63044.0,2021-05-12 00:00:00,Mumbai,user740@gmail.com,50.635
526,CUST1995,Priya,44,44.0,33725.0,2021-05-12 00:00:00,Chennai,none,50.635
527,CUST1381,Neha,44,32.0,33725.0,2022-01-13 00:00:00,Hyd,user381@gmail.com,50.635
528,CUST1952,Sneha,female,42.0,33725.0,2021-05-25 12:00:00,Bangalore,user952@gmail.com,50.635
529,CUST1276,Aman,44,24.0,86631.0,2021-05-25 12:00:00,Bangalore,none,50.635
530,CUST1139,John,male,49.0,33725.0,2022-01-13 00:00:00,Delhi,invalid_email.com,50.635
531,CUST1860,ali123,male,44.0,5000.0,2020-12-26 00:00:00,Chennai,user860@gmail.com,50.635
532,CUST1601,Ali,male,44.0,63144.0,2020-12-26 00:00:00,Hyd,user601@gmail.com,50.635
533,CUST1355,john123,44,44.0,5000.0,2020-12-26 00:00:00,Kolkata,user355@gmail.com,65.68
534,CUST1490,neha123,female,44.0,56776.0,2022-01-13 00:00:00,Kolkata,none,50.635
535,CUST1180,Priya,male,44.0,44532.0,2022-01-13 00:00:00,Chennai,user180@gmail.com,50.635
536,CUST1399,Sneha,female,49.0,99438.0,2022-01-13 00:00:00,Mumbai,user399@gmail.com,50.635
537,CUST1319,Aman,male,32.0,33725.0,2021-05-12 00:00:00,Chennai,none,50.635
538,CUST1532,sara123,44,44.0,33725.0,2021-05-25 12:00:00,Hyd,user532@gmail.com,50.635
539,CUST1197,Sneha,male,10.0,81732.0,2020-03-12 00:00:00,Hyd,user197@gmail.com,50.635
540,CUST1424,Ali,female,54.0,32150.0,2020-05-25 00:00:00,Bangalore,user424@gmail.com,50.635
541,CUST1743,priya123,male,44.0,33725.0,2021-12-14 00:00:00,Delhi,none,40.68
542,CUST1974,Sneha,female,26.0,55612.0,2021-05-12 00:00:00,Bangalore,user974@gmail.com,50.635
543,CUST1509,ali123,female,44.0,5000.0,2021-05-12 00:00:00,Mumbai,user509@gmail.com,50.635
544,CUST1994,Sneha,male,44.0,33725.0,2022-01-13 00:00:00,,user994@gmail.com,92.68
545,CUST1261,Ali,male,44.0,5000.0,2021-05-12 00:00:00,Chennai,user261@gmail.com,50.635
546,CUST1413,Neha,female,44.0,5000.0,2021-05-12 00:00:00,Hyd,user413@gmail.com,50.635
547,CUST1851,Aman,female,44.0,5000.0,2021-05-12 00:00:00,Mumbai,user851@gmail.com,40.11
548,CUST1799,Sneha,female,44.0,88857.0,2022-01-13 00:00:00,Bangalore,user799@gmail.com,55.53
549,CUST1364,Rahul,female,44.0,5000.0,2022-01-13 00:00:00,Kolkata,none,50.635
550,CUST1056,Rahul,male,10.0,5000.0,2022-04-15 00:00:00,Bangalore,user56@gmail.com,50.635
551,CUST1277,Sneha,male,56.0,5000.0,2021-12-08 00:00:00,Delhi,user277@gmail.com,50.635
553,CUST1428,Neha,male,10.0,33725.0,2021-05-12 00:00:00,,invalid_email.com,7.98
554,CUST1853,Sara,female,44.0,33725.0,2022-01-28 00:00:00,Kolkata,user853@gmail.com,50.635
555,CUST1651,Neha,44,19.0,33725.0,2022-01-13 00:00:00,Mumbai,invalid_email.com,50.635
556,CUST1816,John,male,44.0,5000.0,2021-05-25 12:00:00,Kolkata,none,8.15
557,CUST1451,Aman,male,44.0,5000.0,2021-05-25 12:00:00,Kolkata,none,50.635
558,CUST1489,Ali,44,51.0,33725.0,2021-05-25 12:00:00,Kolkata,none,98.01
559,CUST1029,Sneha,male,44.0,5000.0,2021-05-12 00:00:00,Delhi,invalid_email.com,50.635
560,CUST1189,Priya,female,10.0,33725.0,2022-01-13 00:00:00,Kolkata,invalid_email.com,50.635
561,CUST1701,aman123,male,44.0,82420.0,2022-03-07 00:00:00,Hyd,user701@gmail.com,62.5
562,CUST1520,Ali,male,65.0,33725.0,2021-05-25 12:00:00,Mumbai,invalid_email.com,50.635
563,CUST1771,Sara,male,44.0,46136.0,2021-05-12 00:00:00,Hyd,user771@gmail.com,50.635
564,CUST1739,Neha,male,38.0,33725.0,2021-05-12 00:00:00,Bangalore,user739@gmail.com,50.635
565,CUST1141,John,male,47.0,5000.0,2021-05-25 12:00:00,Kolkata,invalid_email.com,50.635
566,CUST1920,Sneha,male,35.0,85810.0,2020-06-30 00:00:00,Kolkata,user920@gmail.com,50.635
567,CUST1070,Sara,male,10.0,39554.0,2021-05-12 00:00:00,Kolkata,none,50.635
568,CUST1615,John,female,10.0,94347.0,2021-05-25 12:00:00,Mumbai,user615@gmail.com,50.635
569,CUST1304,aman123,male,44.0,5000.0,2020-11-16 00:00:00,Kolkata,user304@gmail.com,50.635
570,CUST1130,Sara,male,44.0,90620.0,2021-05-12 00:00:00,,user130@gmail.com,50.635
571,CUST1776,Rahul,male,32.0,97021.0,2021-05-25 12:00:00,Kolkata,none,50.635
572,CUST1682,John,44,44.0,5000.0,2021-05-25 12:00:00,Kolkata,user682@gmail.com,50.635
573,CUST1132,John,male,44.0,5000.0,2021-05-25 12:00:00,Kolkata,none,50.635
574,CUST1099,aman123,male,44.0,33725.0,2021-05-25 12:00:00,Kolkata,user99@gmail.com,50.635
575,CUST1241,Sneha,female,10.0,69766.0,2021-05-12 00:00:00,Kolkata,invalid_email.com,50.635
576,CUST1500,ali123,44,44.0,91331.0,2021-05-12 00:00:00,,none,50.635
577,CUST1968,Neha,male,44.0,5000.0,2022-01-13 00:00:00,Delhi,user968@gmail.com,50.635
578,CUST1552,Neha,female,44.0,33725.0,2021-05-12 00:00:00,Chennai,user552@gmail.com,50.635
579,CUST1420,Sara,male,65.0,97606.0,2021-05-12 00:00:00,Delhi,user420@gmail.com,50.635
581,CUST1808,Neha,female,10.0,5000.0,2021-05-25 12:00:00,Bangalore,invalid_email.com,17.61
582,CUST1603,Sneha,male,44.0,33725.0,2021-05-25 12:00:00,Mumbai,none,72.35
583,CUST1916,aman123,female,57.0,88345.0,2020-06-02 00:00:00,Delhi,invalid_email.com,19.42
584,CUST1612,John,female,44.0,40696.0,2022-01-13 00:00:00,Kolkata,none,50.635
585,CUST1841,Priya,male,10.0,33725.0,2020-07-16 00:00:00,,user841@gmail.com,50.635
586,CUST1464,Ali,male,10.0,33725.0,2021-05-25 12:00:00,Mumbai,none,88.95
587,CUST1389,Priya,male,39.0,33725.0,2022-01-13 00:00:00,Kolkata,user389@gmail.com,50.635
588,CUST1859,Sara,female,10.0,25177.0,2022-01-13 00:00:00,Chennai,user859@gmail.com,50.635
589,CUST1121,Rahul,male,10.0,33725.0,2022-01-13 00:00:00,Kolkata,invalid_email.com,50.635
591,CUST1222,Neha,female,44.0,33411.0,2021-05-25 12:00:00,Kolkata,user222@gmail.com,50.635
592,CUST1031,Priya,male,49.0,33725.0,2022-01-13 00:00:00,,user31@gmail.com,50.635
593,CUST1296,Ali,44,44.0,5000.0,2021-05-12 00:00:00,Kolkata,none,50.635
594,CUST1153,Ali,female,44.0,33725.0,2021-05-12 00:00:00,Delhi,invalid_email.com,50.635
595,CUST1207,sneha123,female,44.0,33725.0,2021-05-12 00:00:00,Bangalore,user207@gmail.com,50.635
596,CUST1943,Rahul,male,10.0,23958.0,2022-01-13 00:00:00,,none,67.41
597,CUST1166,Sara,44,44.0,36147.0,2021-05-12 00:00:00,Kolkata,invalid_email.com,97.82
598,CUST1873,Priya,male,44.0,38939.0,2021-05-12 00:00:00,Mumbai,user873@gmail.com,50.635
599,CUST1706,Rahul,male,10.0,33725.0,2022-01-13 00:00:00,Bangalore,user706@gmail.com,98.35
600,CUST1266,aman123,male,44.0,33725.0,2020-09-29 00:00:00,,user266@gmail.com,50.635
601,CUST1913,Aman,male,44.0,33725.0,2021-05-12 00:00:00,Kolkata,user913@gmail.com,50.635
602,CUST1005,priya123,female,10.0,5000.0,2022-01-13 00:00:00,Kolkata,user5@gmail.com,50.635
603,CUST1474,Sneha,male,44.0,5000.0,2021-12-19 00:00:00,Hyd,user474@gmail.com,74.79
604,CUST1455,John,44,44.0,33725.0,2021-05-12 00:00:00,,user455@gmail.com,50.635
605,CUST1181,John,male,44.0,33725.0,2021-05-16 00:00:00,Mumbai,user181@gmail.com,6.21
606,CUST1398,Sara,female,44.0,90263.0,2022-01-13 00:00:00,Kolkata,user398@gmail.com,50.635
607,CUST1302,Sara,male,43.0,33725.0,2021-05-12 00:00:00,Kolkata,user302@gmail.com,50.635
608,CUST1386,Sneha,male,26.0,33725.0,2021-05-12 00:00:00,Kolkata,invalid_email.com,50.635
609,CUST1134,Rahul,44,44.0,34608.0,2022-01-13 00:00:00,Kolkata,user134@gmail.com,50.635
610,CUST1259,Sara,male,40.0,59798.0,2020-05-05 00:00:00,Hyd,user259@gmail.com,50.635
611,CUST1136,Sara,44,44.0,33725.0,2020-04-29 00:00:00,Kolkata,none,50.635
612,CUST1288,Sara,male,44.0,5000.0,2022-01-13 00:00:00,Kolkata,user288@gmail.com,50.635
613,CUST1973,Sneha,male,10.0,92159.0,2022-01-13 00:00:00,,invalid_email.com,50.635
614,CUST1232,Rahul,male,44.0,33725.0,2021-05-12 00:00:00,,none,81.28
615,CUST1119,Rahul,male,44.0,33725.0,2021-05-25 12:00:00,Delhi,none,50.635
616,CUST1011,Ali,female,44.0,33725.0,2022-01-13 00:00:00,Bangalore,invalid_email.com,50.635
617,CUST1641,Sara,male,44.0,53812.0,2021-05-12 00:00:00,Bangalore,user641@gmail.com,50.635
618,CUST1556,John,male,65.0,33725.0,2022-01-13 00:00:00,Kolkata,user556@gmail.com,85.64
619,CUST1664,Ali,male,28.0,33725.0,2022-01-13 00:00:00,Hyd,user664@gmail.com,50.635
620,CUST1473,John,44,44.0,5000.0,2020-04-25 00:00:00,Kolkata,user473@gmail.com,18.46
621,CUST1508,Sneha,44,44.0,33725.0,2022-01-13 00:00:00,Mumbai,user508@gmail.com,50.635
622,CUST1863,Priya,female,44.0,73922.0,2021-05-25 12:00:00,Mumbai,invalid_email.com,50.635
623,CUST1316,Sara,male,20.0,5000.0,2022-01-13 00:00:00,Chennai,user316@gmail.com,50.635
624,CUST1729,Neha,female,44.0,5000.0,2021-05-25 12:00:00,Bangalore,user729@gmail.com,50.635
625,CUST1387,Sara,male,36.0,5000.0,2020-07-05 00:00:00,Kolkata,user387@gmail.com,52.19
626,CUST1670,Neha,female,44.0,33725.0,2021-05-25 12:00:00,Kolkata,user670@gmail.com,50.635
627,CUST1001,Rahul,male,44.0,88317.0,2022-02-06 00:00:00,Kolkata,user1@gmail.com,50.635
628,CUST1371,John,female,63.0,33725.0,2021-10-16 00:00:00,,invalid_email.com,50.635
629,CUST1479,Aman,44,44.0,85319.0,2021-05-25 12:00:00,Bangalore,user479@gmail.com,50.635
630,CUST1017,Priya,male,42.0,5000.0,2022-01-13 00:00:00,Mumbai,none,50.635
631,CUST1028,Sara,44,10.0,33725.0,2022-01-13 00:00:00,Chennai,none,50.635
632,CUST1565,Sara,male,36.0,32861.0,2022-01-13 00:00:00,,user565@gmail.com,50.635
633,CUST1363,Sara,male,65.0,33725.0,2022-01-13 00:00:00,,user363@gmail.com,50.635
634,CUST1656,Ali,male,44.0,33725.0,2021-05-25 12:00:00,,none,50.635
635,CUST1772,Priya,44,44.0,5000.0,2021-05-25 12:00:00,Delhi,user772@gmail.com,50.635
636,CUST1213,Sneha,44,54.0,33725.0,2021-05-12 00:00:00,Bangalore,none,50.635
637,CUST1753,Sneha,male,55.0,33725.0,2021-05-12 00:00:00,Delhi,user753@gmail.com,50.635
638,CUST1882,John,female,21.0,33725.0,2021-05-12 00:00:00,Bangalore,invalid_email.com,50.635
639,CUST1450,Aman,male,10.0,33725.0,2021-05-25 12:00:00,Delhi,user450@gmail.com,37.98
640,CUST1870,Rahul,female,24.0,33725.0,2021-06-24 00:00:00,Delhi,invalid_email.com,50.635
641,CUST1149,Ali,male,33.0,35155.0,2021-05-12 00:00:00,Bangalore,user149@gmail.com,50.635
642,CUST1294,Rahul,male,44.0,33725.0,2021-05-25 12:00:00,,user294@gmail.com,97.1
643,CUST1755,Ali,female,44.0,5000.0,2021-05-25 12:00:00,Hyd,invalid_email.com,50.635
644,CUST1767,Ali,male,44.0,5000.0,2021-05-25 12:00:00,Kolkata,none,6.11
645,CUST1937,Ali,female,44.0,85880.0,2022-05-08 00:00:00,Chennai,user937@gmail.com,50.635
646,CUST1234,Ali,female,44.0,33725.0,2022-08-20 00:00:00,Mumbai,none,44.8
647,CUST1208,aman123,male,49.0,5000.0,2021-05-25 12:00:00,,none,50.635
648,CUST1709,Neha,male,44.0,5000.0,2021-08-09 00:00:00,Kolkata,user709@gmail.com,64.99
649,CUST1073,Rahul,male,44.0,33725.0,2021-08-09 00:00:00,Mumbai,none,91.13
650,CUST1434,Sneha,male,42.0,33725.0,2022-01-13 00:00:00,Hyd,user434@gmail.com,50.635
651,CUST1041,Aman,male,60.0,40349.0,2021-05-12 00:00:00,,user41@gmail.com,50.635
652,CUST1205,Sara,male,65.0,29827.0,2021-10-05 00:00:00,Kolkata,none,50.635
653,CUST1131,Priya,male,44.0,33725.0,2021-07-14 00:00:00,Mumbai,user131@gmail.com,57.01
654,CUST1343,Aman,male,44.0,33725.0,2021-05-12 00:00:00,Chennai,invalid_email.com,76.8
655,CUST1435,Priya,female,44.0,57558.0,2021-05-25 12:00:00,,user435@gmail.com,50.635
656,CUST1272,John,male,44.0,33725.0,2021-05-25 12:00:00,Chennai,user272@gmail.com,50.635
658,CUST1972,john123,female,60.0,74707.0,2022-01-13 00:00:00,,none,50.635
659,CUST1360,Neha,female,44.0,5000.0,2022-01-13 00:00:00,Hyd,invalid_email.com,50.635
660,CUST1077,Aman,male,44.0,96178.0,2020-09-07 00:00:00,Hyd,none,50.635
661,CUST1859,Sara,female,10.0,25177.0,2022-01-13 00:00:00,Chennai,user859@gmail.com,50.635
662,CUST1811,Sneha,female,44.0,56201.0,2020-11-09 00:00:00,Chennai,invalid_email.com,50.635
663,CUST1007,Neha,female,10.0,25842.0,2020-11-09 00:00:00,Hyd,user7@gmail.com,50.635
664,CUST1166,Sara,44,44.0,36147.0,2021-05-12 00:00:00,Kolkata,invalid_email.com,97.82
665,CUST1515,Rahul,female,44.0,33725.0,2021-05-25 12:00:00,Bangalore,invalid_email.com,50.635
666,CUST1299,Rahul,male,10.0,33725.0,2022-04-17 00:00:00,Kolkata,user299@gmail.com,50.635
667,CUST1938,John,female,10.0,33725.0,2021-05-25 12:00:00,,user938@gmail.com,50.635
668,CUST1045,Ali,male,44.0,33725.0,2021-05-25 12:00:00,Delhi,user45@gmail.com,50.635
669,CUST1495,Sara,male,44.0,33725.0,2021-05-25 12:00:00,Bangalore,user495@gmail.com,50.635
670,CUST1762,priya123,44,44.0,93269.0,2021-05-12 00:00:00,Mumbai,user762@gmail.com,50.635
671,CUST1640,John,male,44.0,76623.0,2021-05-12 00:00:00,Chennai,none,50.635
672,CUST1042,Rahul,female,44.0,33725.0,2021-05-12 00:00:00,Mumbai,user42@gmail.com,50.635
673,CUST1108,Neha,female,44.0,33725.0,2021-05-25 12:00:00,Delhi,none,50.635
674,CUST1159,Rahul,male,40.0,33725.0,2021-12-18 00:00:00,Hyd,user159@gmail.com,72.31
675,CUST1361,Rahul,male,44.0,33725.0,2022-01-13 00:00:00,Hyd,user361@gmail.com,50.635
676,CUST1941,rahul123,female,44.0,5000.0,2022-01-13 00:00:00,Bangalore,invalid_email.com,50.635
677,CUST1184,John,male,67.0,5000.0,2021-05-12 00:00:00,Delhi,invalid_email.com,50.635
678,CUST1442,Sneha,male,44.0,33725.0,2021-05-12 00:00:00,Chennai,invalid_email.com,88.52
679,CUST1951,Sara,female,39.0,5000.0,2021-04-10 00:00:00,Mumbai,none,50.635
680,CUST1313,Rahul,male,44.0,5000.0,2021-05-12 00:00:00,Delhi,user313@gmail.com,50.635
681,CUST1643,Sneha,male,50.0,33725.0,2022-09-19 00:00:00,Mumbai,user643@gmail.com,50.635
682,CUST1024,Sara,male,44.0,33725.0,2021-05-25 12:00:00,Hyd,user24@gmail.com,50.635
683,CUST1252,Aman,male,59.0,5000.0,2021-05-12 00:00:00,Hyd,user252@gmail.com,92.23
684,CUST1822,priya123,male,44.0,5000.0,2021-05-12 00:00:00,Bangalore,user822@gmail.com,18.56
685,CUST1698,Ali,male,52.0,24595.0,2021-05-12 00:00:00,,none,50.635
686,CUST1457,Aman,male,61.0,33725.0,2021-05-12 00:00:00,Hyd,user457@gmail.com,50.635
688,CUST1496,Priya,female,10.0,38636.0,2020-09-01 00:00:00,Kolkata,invalid_email.com,50.635
689,CUST1722,Sneha,female,44.0,72372.0,2021-05-12 00:00:00,Chennai,user722@gmail.com,50.635
690,CUST1649,Aman,male,44.0,27868.0,2021-05-12 00:00:00,,invalid_email.com,50.635
691,CUST1831,Aman,44,44.0,67541.0,2021-05-12 00:00:00,Kolkata,none,47.25
692,CUST1410,Sara,44,10.0,92502.0,2021-05-25 12:00:00,Chennai,invalid_email.com,50.635
693,CUST1101,Sara,female,10.0,41593.0,2022-01-13 00:00:00,Mumbai,user101@gmail.com,50.635
694,CUST1621,Priya,male,53.0,87287.0,2022-01-13 00:00:00,Mumbai,none,50.635
695,CUST1788,Sneha,female,18.0,33725.0,2021-05-25 12:00:00,Delhi,invalid_email.com,50.635
696,CUST1842,Aman,male,44.0,33725.0,2021-05-25 12:00:00,Delhi,user842@gmail.com,50.635
697,CUST1648,rahul123,female,44.0,38809.0,2021-05-25 12:00:00,Hyd,user648@gmail.com,27.51
698,CUST1156,Sara,male,44.0,5000.0,2022-01-13 00:00:00,Kolkata,none,50.635
699,CUST1837,Rahul,female,44.0,33725.0,2020-08-04 00:00:00,Kolkata,user837@gmail.com,50.635
700,CUST1845,Neha,male,60.0,33725.0,2022-01-13 00:00:00,Chennai,user845@gmail.com,50.635
701,CUST1900,Sara,44,44.0,33725.0,2021-04-24 00:00:00,Kolkata,user900@gmail.com,69.13
703,CUST1769,john123,female,10.0,33725.0,2021-05-25 12:00:00,,invalid_email.com,50.635
704,CUST1902,Priya,44,44.0,39986.0,2021-05-25 12:00:00,Kolkata,none,50.635
705,CUST1956,Rahul,male,21.0,34397.0,2021-05-12 00:00:00,,none,50.635
706,CUST1791,Sneha,male,41.0,33725.0,2021-06-09 00:00:00,Bangalore,user791@gmail.com,50.635
707,CUST1059,Neha,44,33.0,5000.0,2022-01-13 00:00:00,Kolkata,user59@gmail.com,50.635
708,CUST1545,Rahul,44,44.0,33725.0,2022-01-13 00:00:00,Chennai,invalid_email.com,50.635
709,CUST1421,Priya,male,44.0,33725.0,2022-01-13 00:00:00,Hyd,user421@gmail.com,50.635
710,CUST1353,Sara,44,44.0,77443.0,2020-03-30 00:00:00,Chennai,user353@gmail.com,50.635
711,CUST1538,Neha,female,10.0,5000.0,2021-05-25 12:00:00,Kolkata,user538@gmail.com,50.635
713,CUST1172,Priya,44,44.0,5000.0,2021-05-25 12:00:00,,user172@gmail.com,50.635
714,CUST1033,Neha,male,39.0,5000.0,2021-05-25 12:00:00,Kolkata,invalid_email.com,50.635
715,CUST1051,Aman,male,10.0,56117.0,2021-05-12 00:00:00,Mumbai,user51@gmail.com,50.635
716,CUST1834,Rahul,female,44.0,33725.0,2020-04-03 00:00:00,Delhi,user834@gmail.com,50.635
717,CUST1245,Sara,male,25.0,33725.0,2021-05-25 12:00:00,Bangalore,user245@gmail.com,84.54
718,CUST1981,John,44,42.0,33725.0,2021-05-25 12:00:00,Bangalore,none,50.635
719,CUST1492,Rahul,male,10.0,34090.0,2021-05-12 00:00:00,Kolkata,none,50.635
720,CUST1115,Sneha,male,64.0,33725.0,2022-01-13 00:00:00,Chennai,none,60.38
721,CUST1966,ali123,male,44.0,33725.0,2021-05-12 00:00:00,Delhi,user966@gmail.com,22.59
722,CUST1335,John,44,10.0,33725.0,2021-05-12 00:00:00,,invalid_email.com,91.96
723,CUST1758,Sneha,female,44.0,5000.0,2021-05-12 00:00:00,,none,56.71
724,CUST1228,Neha,male,10.0,33725.0,2021-05-09 00:00:00,Kolkata,user228@gmail.com,50.635
725,CUST1293,Neha,male,44.0,5000.0,2021-05-25 12:00:00,Kolkata,none,50.635
726,CUST1626,Priya,44,44.0,33725.0,2020-08-20 00:00:00,,none,50.635
727,CUST1579,Rahul,44,44.0,33725.0,2021-05-12 00:00:00,Chennai,user579@gmail.com,50.635
728,CUST1947,Sneha,male,44.0,5000.0,2021-05-25 12:00:00,Delhi,invalid_email.com,50.635
729,CUST1924,Ali,male,44.0,33725.0,2021-05-25 12:00:00,Hyd,user924@gmail.com,50.635
730,CUST1967,Sneha,female,44.0,25573.0,2021-05-25 12:00:00,Mumbai,user967@gmail.com,50.635
731,CUST1576,Sneha,female,40.0,33725.0,2021-05-25 12:00:00,Mumbai,user576@gmail.com,50.635
732,CUST1334,John,male,10.0,33725.0,2021-05-25 12:00:00,Hyd,user334@gmail.com,37.69
733,CUST1567,Aman,male,44.0,33725.0,2021-05-25 12:00:00,Bangalore,user567@gmail.com,50.635
734,CUST1219,Rahul,female,10.0,49368.0,2021-05-12 00:00:00,Mumbai,user219@gmail.com,27.07
735,CUST1854,John,male,44.0,33725.0,2021-05-25 12:00:00,,none,50.635
736,CUST1257,Aman,female,59.0,31738.0,2021-05-25 12:00:00,,user257@gmail.com,50.635
737,CUST1908,Ali,female,35.0,33725.0,2021-05-25 12:00:00,Delhi,none,26.64
738,CUST1328,John,male,65.0,5000.0,2021-01-09 00:00:00,,user328@gmail.com,50.635
739,CUST1652,Sneha,female,10.0,33725.0,2021-06-14 00:00:00,Kolkata,user652@gmail.com,44.12
740,CUST1672,Sara,female,68.0,33725.0,2021-05-12 00:00:00,Kolkata,user672@gmail.com,50.635
741,CUST1323,Sara,male,44.0,31046.0,2021-05-12 00:00:00,Mumbai,user323@gmail.com,50.635
742,CUST1392,Sneha,male,44.0,5000.0,2021-10-03 00:00:00,Kolkata,user392@gmail.com,50.635
743,CUST1068,Rahul,female,44.0,25093.0,2021-05-12 00:00:00,,user68@gmail.com,50.635
744,CUST1580,Rahul,male,44.0,27061.0,2021-05-12 00:00:00,Hyd,invalid_email.com,50.635
745,CUST1243,Neha,44,10.0,5000.0,2021-05-12 00:00:00,Kolkata,invalid_email.com,99.22
746,CUST1918,Rahul,female,44.0,33725.0,2021-05-25 12:00:00,,user918@gmail.com,50.635
747,CUST1418,Priya,male,34.0,5000.0,2021-05-25 12:00:00,Hyd,invalid_email.com,31.86
748,CUST1086,Aman,male,44.0,94893.0,2021-05-25 12:00:00,Kolkata,user86@gmail.com,50.635
749,CUST1624,Rahul,male,44.0,33725.0,2022-03-20 00:00:00,Bangalore,user624@gmail.com,50.635
751,CUST1135,Sara,female,44.0,5000.0,2022-03-20 00:00:00,Hyd,user135@gmail.com,50.635
752,CUST1912,Rahul,male,44.0,30169.0,2021-05-12 00:00:00,Mumbai,invalid_email.com,22.7
753,CUST1167,Neha,44,44.0,33725.0,2021-05-12 00:00:00,Mumbai,user167@gmail.com,50.635
754,CUST1635,Ali,female,44.0,33725.0,2022-01-13 00:00:00,Bangalore,invalid_email.com,78.45
755,CUST1397,Ali,female,65.0,64335.0,2021-05-25 12:00:00,,invalid_email.com,50.635
756,CUST1000,Aman,male,20.0,33725.0,2021-05-12 00:00:00,Chennai,user0@gmail.com,60.56
757,CUST1962,Sneha,male,10.0,5000.0,2021-10-04 00:00:00,Mumbai,user962@gmail.com,34.29
758,CUST1833,Aman,44,44.0,33725.0,2022-06-09 00:00:00,,user833@gmail.com,50.635
760,CUST1870,Rahul,female,24.0,33725.0,2021-06-24 00:00:00,Delhi,invalid_email.com,50.635
761,CUST1377,Neha,female,27.0,42520.0,2021-06-24 00:00:00,Hyd,none,50.635
762,CUST1728,Aman,male,44.0,33725.0,2022-03-24 00:00:00,Bangalore,user728@gmail.com,50.635
763,CUST1109,Rahul,female,44.0,56608.0,2022-01-13 00:00:00,Hyd,none,21.28
764,CUST1095,Priya,male,10.0,47527.0,2021-05-25 12:00:00,,user95@gmail.com,1.02
765,CUST1040,Ali,male,44.0,33725.0,2021-05-25 12:00:00,Kolkata,none,50.635
766,CUST1960,Sara,male,44.0,35244.0,2021-05-25 12:00:00,Mumbai,user960@gmail.com,50.635
767,CUST1686,Rahul,female,44.0,32954.0,2021-05-25 12:00:00,Kolkata,invalid_email.com,50.635
768,CUST1102,Neha,44,44.0,33725.0,2021-05-25 12:00:00,Mumbai,user102@gmail.com,50.635
769,CUST1979,Aman,female,33.0,5000.0,2021-05-12 00:00:00,Kolkata,user979@gmail.com,50.635
770,CUST1491,Sneha,male,44.0,33725.0,2022-01-13 00:00:00,Kolkata,user491@gmail.com,50.635
771,CUST1738,Sara,male,59.0,59188.0,2020-04-13 00:00:00,Kolkata,invalid_email.com,50.635
772,CUST1444,Sara,female,10.0,68235.0,2021-05-25 12:00:00,Hyd,none,50.635
773,CUST1412,John,male,21.0,64139.0,2022-01-27 00:00:00,Kolkata,user412@gmail.com,50.635
774,CUST1983,Rahul,44,34.0,5000.0,2022-09-07 00:00:00,,user983@gmail.com,50.635
775,CUST1851,Aman,female,44.0,5000.0,2021-05-12 00:00:00,Mumbai,user851@gmail.com,40.11
776,CUST1376,John,male,44.0,33538.0,2021-05-12 00:00:00,Kolkata,none,50.635
777,CUST1426,Aman,44,46.0,33725.0,2021-05-12 00:00:00,Bangalore,user426@gmail.com,50.635
778,CUST1858,Ali,female,10.0,58245.0,2021-05-12 00:00:00,Delhi,invalid_email.com,50.635
779,CUST1780,Rahul,male,44.0,5000.0,2021-05-12 00:00:00,Delhi,none,34.19
780,CUST1860,ali123,male,44.0,5000.0,2020-12-26 00:00:00,Chennai,user860@gmail.com,50.635
781,CUST1805,Sara,female,10.0,33725.0,2022-01-13 00:00:00,Kolkata,none,50.635
782,CUST1244,Sara,44,44.0,5000.0,2022-01-13 00:00:00,,invalid_email.com,56.89
783,CUST1406,Sneha,female,44.0,63961.0,2022-01-13 00:00:00,Delhi,user406@gmail.com,50.635
784,CUST1658,Sara,male,44.0,33725.0,2021-05-12 00:00:00,,none,50.635
785,CUST1290,Aman,male,10.0,68268.0,2021-05-12 00:00:00,,user290@gmail.com,38.42
786,CUST1770,Sara,male,44.0,33725.0,2022-01-13 00:00:00,Hyd,user770@gmail.com,50.635
787,CUST1864,Neha,male,10.0,33725.0,2020-04-07 00:00:00,Kolkata,none,50.635
788,CUST1314,Neha,male,22.0,5000.0,2022-03-19 00:00:00,Delhi,none,50.635
789,CUST1066,Sneha,44,10.0,37432.0,2021-05-25 12:00:00,,user66@gmail.com,50.635
790,CUST1486,Sneha,female,44.0,33725.0,2022-01-13 00:00:00,Mumbai,none,24.41
791,CUST1865,john123,male,68.0,33725.0,2022-01-13 00:00:00,Kolkata,user865@gmail.com,50.635
792,CUST1089,Aman,male,44.0,48947.0,2021-05-25 12:00:00,Mumbai,user89@gmail.com,50.635
794,CUST1840,Priya,female,68.0,73042.0,2021-05-25 12:00:00,Delhi,user840@gmail.com,20.45
795,CUST1703,Ali,female,22.0,36758.0,2022-01-13 00:00:00,Delhi,invalid_email.com,50.635
796,CUST1152,Sneha,male,49.0,33725.0,2022-01-13 00:00:00,Delhi,user152@gmail.com,50.635
797,CUST1554,Rahul,female,44.0,5000.0,2022-01-13 00:00:00,Kolkata,none,50.635
798,CUST1568,Sneha,44,44.0,33725.0,2022-01-13 00:00:00,Kolkata,invalid_email.com,50.635
799,CUST1092,Sara,female,44.0,53531.0,2022-01-13 00:00:00,Chennai,user92@gmail.com,50.635
800,CUST1143,Ali,male,31.0,33725.0,2022-05-27 00:00:00,Hyd,user143@gmail.com,50.635
801,CUST1926,Neha,male,44.0,5000.0,2022-05-27 00:00:00,Chennai,none,50.635
802,CUST1997,sneha123,female,39.0,72002.0,2022-01-13 00:00:00,Bangalore,invalid_email.com,50.635
803,CUST1711,Neha,female,68.0,63121.0,2022-01-13 00:00:00,Chennai,none,50.635
804,CUST1970,Ali,male,35.0,53917.0,2022-01-13 00:00:00,Kolkata,user970@gmail.com,50.635
805,CUST1196,Sara,female,10.0,53109.0,2021-05-25 12:00:00,,user196@gmail.com,50.635
806,CUST1959,Priya,44,44.0,33725.0,2022-01-13 00:00:00,Kolkata,user959@gmail.com,50.635
807,CUST1869,Sara,male,40.0,65508.0,2022-01-13 00:00:00,Hyd,user869@gmail.com,50.635
808,CUST1835,Aman,male,10.0,22678.0,2021-05-12 00:00:00,Chennai,user835@gmail.com,24.02
809,CUST1818,Neha,female,44.0,94058.0,2021-05-12 00:00:00,,user818@gmail.com,50.635
810,CUST1521,Sneha,female,10.0,33725.0,2022-09-23 00:00:00,Chennai,user521@gmail.com,50.635
811,CUST1731,Sara,male,42.0,5000.0,2022-09-23 00:00:00,Bangalore,invalid_email.com,40.94
812,CUST1422,Neha,male,25.0,33725.0,2020-05-14 00:00:00,Hyd,invalid_email.com,50.635
813,CUST1395,Sneha,female,57.0,33725.0,2021-01-16 00:00:00,Chennai,user395@gmail.com,50.635
814,CUST1292,Aman,female,44.0,33725.0,2021-01-16 00:00:00,Chennai,none,59.0
815,CUST1354,Sara,44,44.0,33725.0,2021-05-12 00:00:00,,user354@gmail.com,50.635
816,CUST1227,Neha,female,10.0,33725.0,2020-04-29 00:00:00,Kolkata,user227@gmail.com,50.635
817,CUST1784,Sneha,44,30.0,5000.0,2021-05-12 00:00:00,Mumbai,user784@gmail.com,50.635
818,CUST1230,Priya,male,33.0,82733.0,2021-05-12 00:00:00,,user230@gmail.com,50.635
819,CUST1151,Aman,male,44.0,5000.0,2021-05-25 12:00:00,Kolkata,user151@gmail.com,6.19
820,CUST1085,John,44,44.0,35884.0,2022-01-13 00:00:00,Kolkata,user85@gmail.com,50.635
821,CUST1499,Aman,female,44.0,5000.0,2021-06-04 00:00:00,Kolkata,user499@gmail.com,50.635
822,CUST1240,John,male,44.0,34523.0,2022-01-13 00:00:00,Bangalore,invalid_email.com,50.635
823,CUST1068,Rahul,female,44.0,25093.0,2021-05-12 00:00:00,,user68@gmail.com,50.635
824,CUST1255,neha123,male,10.0,33725.0,2021-05-25 12:00:00,Kolkata,user255@gmail.com,50.635
825,CUST1298,Aman,male,10.0,46266.0,2021-05-25 12:00:00,Bangalore,invalid_email.com,50.635
826,CUST1326,Priya,male,53.0,33725.0,2021-07-07 00:00:00,Chennai,none,46.06
827,CUST1880,John,male,44.0,33725.0,2022-01-13 00:00:00,Mumbai,user880@gmail.com,50.635
828,CUST1317,John,male,44.0,68871.0,2021-05-12 00:00:00,Bangalore,user317@gmail.com,50.635
829,CUST1097,Priya,female,41.0,5000.0,2022-01-13 00:00:00,,invalid_email.com,50.635
830,CUST1659,John,44,55.0,5000.0,2021-05-01 00:00:00,Kolkata,invalid_email.com,50.635
831,CUST1533,ali123,female,10.0,33725.0,2021-05-01 00:00:00,Bangalore,user533@gmail.com,50.635
832,CUST1907,Sneha,male,44.0,33725.0,2021-05-25 12:00:00,Mumbai,invalid_email.com,50.635
834,CUST1368,Priya,male,44.0,5000.0,2021-05-25 12:00:00,Hyd,user368@gmail.com,78.1
835,CUST1082,sara123,male,44.0,33725.0,2021-05-25 12:00:00,,invalid_email.com,26.27
836,CUST1726,Neha,female,50.0,5000.0,2021-10-26 00:00:00,Kolkata,user726@gmail.com,50.635
837,CUST1458,sara123,female,10.0,33725.0,2022-01-13 00:00:00,,user458@gmail.com,50.635
838,CUST1385,John,female,25.0,33725.0,2022-01-13 00:00:00,Mumbai,none,50.635
839,CUST1206,ali123,male,10.0,26843.0,2021-05-12 00:00:00,Kolkata,user206@gmail.com,50.635
840,CUST1563,John,male,10.0,33725.0,2021-06-13 00:00:00,,user563@gmail.com,50.635
841,CUST1949,Aman,male,60.0,23368.0,2021-05-12 00:00:00,Kolkata,user949@gmail.com,11.7
842,CUST1135,Sara,female,44.0,5000.0,2021-05-12 00:00:00,Hyd,user135@gmail.com,50.635
843,CUST1483,Sneha,male,44.0,42433.0,2021-05-12 00:00:00,Bangalore,user483@gmail.com,50.635
844,CUST1098,Sneha,female,44.0,33725.0,2021-05-25 12:00:00,Hyd,user98@gmail.com,50.635
845,CUST1961,John,female,47.0,5000.0,2021-05-25 12:00:00,,user961@gmail.com,50.635
846,CUST1356,John,male,44.0,33725.0,2021-05-25 12:00:00,,none,24.1
847,CUST1452,Sara,female,10.0,33725.0,2022-03-07 00:00:00,Kolkata,invalid_email.com,50.635
848,CUST1676,Priya,female,44.0,33725.0,2022-03-07 00:00:00,Chennai,invalid_email.com,50.635
849,CUST1537,Rahul,male,44.0,5000.0,2022-03-07 00:00:00,Chennai,none,50.635
850,CUST1138,Ali,male,10.0,23683.0,2022-03-07 00:00:00,Chennai,user138@gmail.com,50.635
851,CUST1768,Priya,44,62.0,33725.0,2022-01-13 00:00:00,Mumbai,none,50.635
853,CUST1218,Rahul,female,44.0,5000.0,2022-01-13 00:00:00,Mumbai,none,50.635
854,CUST1411,Ali,female,44.0,33725.0,2021-05-25 12:00:00,Kolkata,user411@gmail.com,50.635
855,CUST1790,Sara,male,10.0,33725.0,2021-05-25 12:00:00,Delhi,invalid_email.com,71.77
856,CUST1779,Aman,female,44.0,33725.0,2021-05-25 12:00:00,Delhi,user779@gmail.com,50.635
857,CUST1497,Sneha,male,44.0,33725.0,2021-05-25 12:00:00,Hyd,none,78.14
859,CUST1150,Sneha,female,44.0,92101.0,2021-05-25 12:00:00,,user150@gmail.com,50.635
860,CUST1023,John,male,10.0,73565.0,2021-05-25 12:00:00,,user23@gmail.com,85.25
861,CUST1749,Sara,male,50.0,24925.0,2021-05-12 00:00:00,,user749@gmail.com,20.79
862,CUST1632,Neha,female,37.0,61501.0,2021-05-25 12:00:00,Delhi,none,50.635
863,CUST1407,Sara,female,44.0,5000.0,2021-05-12 00:00:00,Chennai,user407@gmail.com,50.635
864,CUST1008,Ali,44,50.0,5000.0,2020-03-12 00:00:00,Hyd,user8@gmail.com,50.635
865,CUST1933,Ali,male,44.0,33725.0,2020-04-26 00:00:00,Bangalore,user933@gmail.com,42.14
866,CUST1064,Sara,male,44.0,33725.0,2020-04-04 00:00:00,Chennai,invalid_email.com,50.635
867,CUST1797,John,male,44.0,45634.0,2020-09-14 00:00:00,Mumbai,user797@gmail.com,50.635
868,CUST1034,John,male,44.0,33725.0,2022-01-13 00:00:00,Kolkata,none,50.635
869,CUST1262,Rahul,male,40.0,45771.0,2021-07-15 00:00:00,Mumbai,invalid_email.com,50.635
870,CUST1325,Priya,female,44.0,33725.0,2020-03-18 00:00:00,,invalid_email.com,50.635
871,CUST1803,Priya,male,44.0,33725.0,2020-03-18 00:00:00,Mumbai,user803@gmail.com,81.68
872,CUST1542,Sara,male,44.0,33725.0,2021-05-25 12:00:00,Bangalore,user542@gmail.com,50.9
873,CUST1578,Rahul,female,64.0,33725.0,2021-05-25 12:00:00,Kolkata,user578@gmail.com,50.635
874,CUST1470,Neha,female,34.0,5000.0,2021-05-12 00:00:00,Delhi,user470@gmail.com,50.635
875,CUST1889,Priya,male,10.0,33725.0,2022-01-13 00:00:00,Bangalore,user889@gmail.com,50.635
877,CUST1712,John,male,44.0,33725.0,2021-05-25 12:00:00,Kolkata,none,50.635
878,CUST1591,Neha,male,54.0,62629.0,2021-05-25 12:00:00,Hyd,invalid_email.com,50.635
879,CUST1595,John,female,24.0,5000.0,2021-08-16 00:00:00,Delhi,none,50.635
880,CUST1057,Ali,male,32.0,33725.0,2022-01-30 00:00:00,,invalid_email.com,50.635
882,CUST1003,Sneha,male,44.0,91344.0,2022-01-13 00:00:00,Bangalore,user3@gmail.com,50.635
883,CUST1478,John,male,44.0,33725.0,2022-01-21 00:00:00,Delhi,invalid_email.com,50.635
884,CUST1959,Priya,44,44.0,33725.0,2022-01-13 00:00:00,Kolkata,user959@gmail.com,50.635
886,CUST1475,Sara,female,44.0,5000.0,2022-01-13 00:00:00,Hyd,user475@gmail.com,50.635
887,CUST1660,Priya,male,44.0,34297.0,2022-05-23 00:00:00,Bangalore,none,50.635
888,CUST1875,Neha,male,59.0,5000.0,2021-05-12 00:00:00,,user875@gmail.com,50.635
889,CUST1585,Priya,male,44.0,26624.0,2021-05-12 00:00:00,Chennai,user585@gmail.com,91.27
890,CUST1009,Sneha,44,20.0,46348.0,2021-05-12 00:00:00,Kolkata,user9@gmail.com,50.635
891,CUST1774,Sara,female,30.0,21307.0,2021-05-25 12:00:00,Chennai,user774@gmail.com,50.635
892,CUST1417,Sara,female,44.0,33725.0,2021-05-25 12:00:00,Kolkata,user417@gmail.com,50.635
893,CUST1741,Ali,female,21.0,36487.0,2021-05-12 00:00:00,Hyd,user741@gmail.com,50.635
894,CUST1441,Sara,male,44.0,5000.0,2021-05-12 00:00:00,Chennai,none,50.635
895,CUST1838,Neha,44,26.0,25213.0,2022-08-24 00:00:00,Kolkata,user838@gmail.com,99.32
896,CUST1899,Aman,male,44.0,33725.0,2022-08-24 00:00:00,,user899@gmail.com,50.635
897,CUST1158,John,male,44.0,61939.0,2022-08-24 00:00:00,Kolkata,none,50.635
898,CUST1268,Aman,female,44.0,5000.0,2022-08-24 00:00:00,Kolkata,user268@gmail.com,50.635
899,CUST1487,Priya,male,44.0,30659.0,2022-01-13 00:00:00,Bangalore,user487@gmail.com,50.635
900,CUST1204,rahul123,female,44.0,33725.0,2022-01-13 00:00:00,Chennai,user204@gmail.com,84.95
901,CUST1084,Ali,female,44.0,46231.0,2021-05-12 00:00:00,Kolkata,user84@gmail.com,50.635
902,CUST1802,Priya,male,10.0,84728.0,2021-05-12 00:00:00,,none,50.635
903,CUST1725,Priya,male,58.0,5000.0,2021-04-28 00:00:00,Kolkata,user725@gmail.com,50.635
904,CUST1216,sara123,male,10.0,33725.0,2021-04-28 00:00:00,Kolkata,invalid_email.com,89.92
905,CUST1477,Neha,female,69.0,33725.0,2021-05-25 12:00:00,Kolkata,user477@gmail.com,50.635
906,CUST1665,Neha,male,64.0,33725.0,2021-12-18 00:00:00,Chennai,invalid_email.com,6.19
908,CUST1324,Neha,male,43.0,5000.0,2022-01-13 00:00:00,Bangalore,none,50.635
909,CUST1756,Neha,male,44.0,96927.0,2021-05-12 00:00:00,Bangalore,user756@gmail.com,50.635
910,CUST1415,Sneha,male,44.0,27855.0,2022-01-13 00:00:00,Bangalore,user415@gmail.com,50.635
911,CUST1801,John,44,44.0,40735.0,2021-05-25 12:00:00,Bangalore,none,50.635
912,CUST1416,Ali,male,10.0,5000.0,2020-07-28 00:00:00,Bangalore,user416@gmail.com,50.635
913,CUST1476,Priya,44,44.0,25610.0,2022-01-13 00:00:00,Mumbai,user476@gmail.com,50.635
914,CUST1685,Priya,male,10.0,33725.0,2022-01-13 00:00:00,Bangalore,user685@gmail.com,95.84
915,CUST1182,Sneha,male,44.0,5000.0,2022-01-13 00:00:00,Bangalore,user182@gmail.com,50.635
916,CUST1055,Ali,male,44.0,33725.0,2021-01-11 00:00:00,Delhi,user55@gmail.com,13.49
917,CUST1217,Aman,male,52.0,33725.0,2021-05-12 00:00:00,Kolkata,none,50.635
918,CUST1279,Neha,female,44.0,46550.0,2021-05-12 00:00:00,Delhi,invalid_email.com,50.635
919,CUST1129,John,male,44.0,33725.0,2022-01-13 00:00:00,Hyd,invalid_email.com,50.635
920,CUST1642,rahul123,male,44.0,5000.0,2021-05-25 12:00:00,Delhi,invalid_email.com,50.635
921,CUST1333,Neha,male,58.0,62959.0,2020-07-22 00:00:00,Kolkata,none,83.23
922,CUST1067,Sneha,female,44.0,76789.0,2022-01-13 00:00:00,Mumbai,none,50.635
923,CUST1781,rahul123,44,20.0,33725.0,2021-05-12 00:00:00,Mumbai,user781@gmail.com,50.635
924,CUST1038,Sara,male,44.0,5000.0,2021-05-12 00:00:00,Delhi,none,50.635
925,CUST1137,Ali,female,33.0,5000.0,2021-05-12 00:00:00,Mumbai,invalid_email.com,50.635
926,CUST1269,Sara,44,39.0,33725.0,2021-05-12 00:00:00,Bangalore,user269@gmail.com,50.635
927,CUST1154,Rahul,female,44.0,33725.0,2022-04-29 00:00:00,Bangalore,invalid_email.com,50.635
929,CUST1396,Priya,female,44.0,5000.0,2022-04-29 00:00:00,Chennai,none,36.68
930,CUST1903,Ali,male,58.0,33725.0,2022-01-13 00:00:00,Bangalore,none,44.29
931,CUST1977,Priya,male,66.0,72244.0,2021-05-25 12:00:00,Delhi,user977@gmail.com,50.635
932,CUST1592,Priya,female,59.0,22787.0,2021-05-25 12:00:00,Chennai,invalid_email.com,50.635
933,CUST1692,priya123,male,44.0,33725.0,2021-05-25 12:00:00,Kolkata,user692@gmail.com,50.635
934,CUST1852,rahul123,male,37.0,5000.0,2021-07-22 00:00:00,Hyd,invalid_email.com,50.635
935,CUST1107,John,female,10.0,98091.0,2021-05-25 12:00:00,Mumbai,invalid_email.com,50.635
936,CUST1263,John,female,10.0,68648.0,2020-10-17 00:00:00,Mumbai,user263@gmail.com,50.635
937,CUST1732,Sara,female,44.0,33725.0,2021-05-12 00:00:00,Chennai,invalid_email.com,17.47
938,CUST1481,Priya,male,39.0,5000.0,2022-01-13 00:00:00,,invalid_email.com,78.34
939,CUST1352,Aman,44,44.0,29102.0,2022-01-13 00:00:00,Hyd,user352@gmail.com,50.635
940,CUST1518,Neha,male,44.0,33725.0,2021-05-25 12:00:00,Hyd,none,25.74
941,CUST1278,Priya,female,44.0,37812.0,2021-09-17 00:00:00,Chennai,user278@gmail.com,41.95
942,CUST1936,Sara,male,44.0,39449.0,2021-05-12 00:00:00,Chennai,user936@gmail.com,50.635
943,CUST1886,Neha,male,18.0,5000.0,2022-01-13 00:00:00,Kolkata,invalid_email.com,31.54
944,CUST1446,Rahul,male,10.0,33725.0,2022-01-13 00:00:00,Delhi,user446@gmail.com,50.635
945,CUST1663,Ali,female,44.0,5000.0,2021-05-25 12:00:00,Mumbai,user663@gmail.com,48.66
946,CUST1884,Neha,female,19.0,76546.0,2020-12-15 00:00:00,Mumbai,invalid_email.com,50.635
947,CUST1161,Priya,female,44.0,5000.0,2021-05-12 00:00:00,Kolkata,invalid_email.com,50.635
948,CUST1989,Rahul,male,44.0,22184.0,2021-06-17 00:00:00,Hyd,invalid_email.com,37.1
949,CUST1048,Rahul,female,67.0,33725.0,2021-05-12 00:00:00,,invalid_email.com,50.635
951,CUST1256,Neha,male,10.0,33725.0,2022-01-13 00:00:00,Kolkata,user256@gmail.com,51.4
952,CUST1752,Sara,female,27.0,33725.0,2022-01-13 00:00:00,Hyd,none,50.635
953,CUST1173,Aman,male,44.0,33725.0,2022-01-13 00:00:00,Chennai,invalid_email.com,50.635
954,CUST1249,John,female,44.0,33725.0,2021-05-25 12:00:00,Bangalore,user249@gmail.com,50.27
955,CUST1348,Sneha,44,44.0,5000.0,2021-05-12 00:00:00,Mumbai,user348@gmail.com,50.635
956,CUST1071,Rahul,44,63.0,50763.0,2020-08-26 00:00:00,Hyd,user71@gmail.com,50.635
957,CUST1504,Sara,male,44.0,33725.0,2020-08-26 00:00:00,Delhi,none,4.66
958,CUST1638,John,male,38.0,48618.0,2022-01-13 00:00:00,Chennai,user638@gmail.com,50.635
959,CUST1384,Ali,female,44.0,33725.0,2021-05-12 00:00:00,Kolkata,user384@gmail.com,50.635
960,CUST1221,Rahul,44,58.0,59361.0,2021-09-27 00:00:00,Chennai,invalid_email.com,50.635
961,CUST1935,John,female,39.0,5000.0,2021-09-27 00:00:00,Bangalore,user935@gmail.com,59.64
962,CUST1733,Aman,male,44.0,92037.0,2022-05-12 00:00:00,Delhi,user733@gmail.com,50.635
963,CUST1295,Sara,male,44.0,50992.0,2021-05-12 00:00:00,Hyd,user295@gmail.com,64.95
964,CUST1569,Sara,male,54.0,67892.0,2021-05-12 00:00:00,Hyd,user569@gmail.com,50.635
965,CUST1877,Ali,44,64.0,5000.0,2021-05-12 00:00:00,Chennai,user877@gmail.com,50.635
966,CUST1582,John,male,44.0,88460.0,2021-05-12 00:00:00,Kolkata,none,81.88
967,CUST1440,Sara,male,60.0,63175.0,2020-10-18 00:00:00,Bangalore,user440@gmail.com,41.74
969,CUST1140,Sneha,female,10.0,33725.0,2020-10-18 00:00:00,Mumbai,invalid_email.com,50.635
970,CUST1318,Sara,male,44.0,33725.0,2022-01-29 00:00:00,Kolkata,none,6.59
971,CUST1622,John,male,69.0,78927.0,2020-12-20 00:00:00,Mumbai,none,50.635
972,CUST1235,Sneha,male,10.0,5000.0,2021-05-12 00:00:00,Kolkata,none,26.0
973,CUST1795,Ali,male,44.0,33725.0,2020-12-21 00:00:00,,none,50.635
974,CUST1157,priya123,female,23.0,33725.0,2021-05-12 00:00:00,Kolkata,user157@gmail.com,67.94
975,CUST1357,neha123,male,44.0,24484.0,2021-05-12 00:00:00,Kolkata,user357@gmail.com,50.635
976,CUST1522,Sara,44,44.0,33725.0,2021-05-12 00:00:00,Kolkata,invalid_email.com,97.27
977,CUST1829,Rahul,male,36.0,33725.0,2022-01-13 00:00:00,Chennai,user829@gmail.com,50.635
978,CUST1763,Neha,44,44.0,33725.0,2021-05-25 12:00:00,Bangalore,user763@gmail.com,50.635
979,CUST1922,Ali,male,51.0,33725.0,2021-05-25 12:00:00,Chennai,user922@gmail.com,50.635
980,CUST1080,Sara,male,48.0,33725.0,2021-05-12 00:00:00,Delhi,user80@gmail.com,50.635
981,CUST1118,Aman,male,58.0,33725.0,2022-05-10 00:00:00,Kolkata,invalid_email.com,50.635
982,CUST1839,Rahul,female,28.0,33511.0,2022-05-10 00:00:00,Kolkata,invalid_email.com,50.635
983,CUST1984,Aman,male,44.0,33725.0,2021-01-10 00:00:00,Mumbai,user984@gmail.com,50.635
984,CUST1093,John,female,44.0,89393.0,2022-01-13 00:00:00,Kolkata,user93@gmail.com,50.635
985,CUST1971,Sara,male,44.0,25872.0,2021-01-01 00:00:00,Kolkata,invalid_email.com,56.41
986,CUST1516,Rahul,female,51.0,33725.0,2021-05-25 12:00:00,Kolkata,user516@gmail.com,50.635
987,CUST1165,Neha,female,10.0,66753.0,2021-05-25 12:00:00,Hyd,user165@gmail.com,44.29
988,CUST1566,Sneha,male,44.0,84409.0,2021-05-12 00:00:00,Kolkata,invalid_email.com,80.33
989,CUST1819,Neha,female,68.0,33725.0,2020-05-16 00:00:00,Mumbai,invalid_email.com,50.635
990,CUST1681,Ali,male,43.0,33725.0,2022-01-13 00:00:00,Delhi,invalid_email.com,50.635
991,CUST1366,Aman,female,61.0,75306.0,2021-05-25 12:00:00,Hyd,invalid_email.com,50.635
992,CUST1106,Rahul,female,29.0,33725.0,2021-05-25 12:00:00,Hyd,user106@gmail.com,50.635
993,CUST1547,neha123,male,44.0,5000.0,2021-05-25 12:00:00,Chennai,none,50.635
994,CUST1146,John,male,44.0,5000.0,2022-01-13 00:00:00,Bangalore,user146@gmail.com,50.635
995,CUST1053,Ali,male,44.0,72261.0,2021-05-25 12:00:00,Mumbai,user53@gmail.com,50.635
996,CUST1730,Aman,44,44.0,5000.0,2021-05-25 12:00:00,Chennai,user730@gmail.com,50.635
997,CUST1260,ali123,male,10.0,33725.0,2021-05-25 12:00:00,,user260@gmail.com,50.37
999,CUST1044,John,female,35.0,33725.0,2021-05-25 12:00:00,,user44@gmail.com,50.635
1000,CUST1127,Rahul,male,44.0,5000.0,2021-05-25 12:00:00,Chennai,user127@gmail.com,50.635
1001,CUST1683,Sara,44,58.0,5000.0,2022-01-13 00:00:00,Mumbai,user683@gmail.com,22.1
1002,CUST1689,Priya,female,44.0,33725.0,2021-05-12 00:00:00,Kolkata,user689@gmail.com,50.635
1003,CUST1806,john123,female,44.0,33725.0,2022-01-13 00:00:00,Hyd,user806@gmail.com,47.2
1004,CUST1691,Neha,female,44.0,92922.0,2021-05-25 12:00:00,,none,50.635
1005,CUST1181,John,male,44.0,33725.0,2021-05-16 00:00:00,Mumbai,user181@gmail.com,6.21
1006,CUST1423,Rahul,male,10.0,33725.0,2022-01-13 00:00:00,Kolkata,user423@gmail.com,3.55
1007,CUST1169,John,male,44.0,33725.0,2020-12-21 00:00:00,Chennai,user169@gmail.com,50.635
1008,CUST1004,Ali,male,10.0,43505.0,2022-06-22 00:00:00,Hyd,none,50.635
1009,CUST1894,Neha,female,44.0,33725.0,2021-05-12 00:00:00,Chennai,none,78.65
1010,CUST1675,John,male,49.0,85112.0,2022-01-13 00:00:00,Mumbai,user675@gmail.com,50.635
1011,CUST1312,Aman,male,24.0,27272.0,2021-05-12 00:00:00,,invalid_email.com,50.635
1012,CUST1250,Sneha,male,43.0,60380.0,2021-05-25 12:00:00,,user250@gmail.com,50.635
1013,CUST1022,Sneha,male,44.0,33725.0,2021-05-25 12:00:00,Delhi,user22@gmail.com,85.82
1014,CUST1596,Ali,44,44.0,53532.0,2021-05-25 12:00:00,Kolkata,user596@gmail.com,50.635
1015,CUST1322,Neha,male,44.0,5000.0,2021-05-25 12:00:00,Hyd,user322@gmail.com,50.635
1016,CUST1931,Priya,female,44.0,33725.0,2021-05-12 00:00:00,Bangalore,invalid_email.com,50.635
1017,CUST1619,Ali,male,44.0,5000.0,2021-05-12 00:00:00,Bangalore,user619@gmail.com,50.635
1018,CUST1094,sara123,female,44.0,33725.0,2020-07-05 00:00:00,Kolkata,user94@gmail.com,50.635
1020,CUST1669,Neha,male,30.0,29014.0,2021-05-12 00:00:00,Delhi,user669@gmail.com,50.635
1021,CUST1065,John,male,37.0,5000.0,2021-06-10 00:00:00,,invalid_email.com,50.635
1022,CUST1930,aman123,male,10.0,5000.0,2022-01-21 00:00:00,Kolkata,user930@gmail.com,88.57
1023,CUST1373,Priya,female,44.0,33725.0,2021-05-25 12:00:00,Kolkata,none,50.635
1024,CUST1929,Aman,female,44.0,40870.0,2022-01-13 00:00:00,Delhi,user929@gmail.com,50.635
1025,CUST1693,John,male,10.0,54366.0,2022-01-13 00:00:00,Mumbai,user693@gmail.com,50.635
1026,CUST1778,Sneha,female,44.0,5000.0,2021-05-25 12:00:00,Chennai,user778@gmail.com,50.635
1027,CUST1338,Sara,male,44.0,36206.0,2021-05-12 00:00:00,Hyd,user338@gmail.com,50.635
1028,CUST1914,Sneha,male,44.0,34099.0,2021-05-25 12:00:00,Delhi,none,50.635
1029,CUST1468,Sneha,male,29.0,60588.0,2021-05-25 12:00:00,Kolkata,user468@gmail.com,50.635
1030,CUST1330,Ali,male,44.0,33725.0,2020-11-09 00:00:00,Kolkata,user330@gmail.com,50.635
1031,CUST1646,Priya,male,44.0,5000.0,2022-01-13 00:00:00,Hyd,user646@gmail.com,50.635
1032,CUST1597,Sara,male,44.0,45486.0,2022-01-13 00:00:00,Delhi,invalid_email.com,50.635
1033,CUST1445,Sneha,44,10.0,5000.0,2021-05-25 12:00:00,Kolkata,invalid_email.com,50.635
1034,CUST1775,Rahul,female,61.0,33725.0,2022-07-16 00:00:00,Kolkata,none,13.01
1035,CUST1679,Priya,male,44.0,33725.0,2022-01-13 00:00:00,Chennai,user679@gmail.com,50.635
1036,CUST1737,Priya,male,52.0,35937.0,2022-01-13 00:00:00,Bangalore,user737@gmail.com,50.635
1038,CUST1527,Sneha,male,25.0,33725.0,2022-01-13 00:00:00,Mumbai,user527@gmail.com,50.635
1039,CUST1528,Sara,male,36.0,33725.0,2022-01-13 00:00:00,Kolkata,user528@gmail.com,50.635
1040,CUST1437,Ali,male,44.0,5000.0,2022-01-13 00:00:00,Mumbai,user437@gmail.com,50.635
1041,CUST1104,John,male,44.0,5000.0,2021-05-25 12:00:00,Kolkata,user104@gmail.com,80.1
1042,CUST1993,Ali,male,32.0,5000.0,2021-05-25 12:00:00,Chennai,user993@gmail.com,50.635
1043,CUST1291,Aman,female,32.0,40580.0,2022-01-13 00:00:00,Hyd,user291@gmail.com,2.52
1044,CUST1571,priya123,male,44.0,48541.0,2022-01-13 00:00:00,Kolkata,user571@gmail.com,50.635
1045,CUST1825,Sneha,female,44.0,33725.0,2021-05-25 12:00:00,Hyd,user825@gmail.com,69.45
1046,CUST1704,Neha,male,44.0,33725.0,2021-05-25 12:00:00,Kolkata,none,50.635
1047,CUST1079,Rahul,male,44.0,30055.0,2021-05-25 12:00:00,Chennai,invalid_email.com,50.635
1048,CUST1388,Sara,44,44.0,33725.0,2021-05-25 12:00:00,Mumbai,none,50.635
1049,CUST1088,Neha,female,44.0,33725.0,2022-01-13 00:00:00,Kolkata,user88@gmail.com,50.635